STATUS,COURT_ID,MATCH_ID,EVENT_NAME,PLAYER2ID,WINNER,NATION1,NATION2,MATCH_NUM,PLAYER2,PLAYER1ID,PLAYER1,YEAR,SLAM,COURT_NAME,ROUND,P2ACE,WINNER_FH,P1NETPOINTWON,GAMEWINNER,P1BREAKPOINTWON,P1ACE,SET_NO,P1FIRSTSRVWON,P1POINTSWON,POINTWINNER,P1FIRSTSRVIN,P2UNFERR,SPEED_KMH,P1DOUBLEFAULT,P2NETPOINT,SERVEINDICATOR,P1FORCEDERROR,SET_WINNER,SERVE_DIRECTION,MATCH_ID:1,P2BREAKPOINTMISSED,P2NETPOINTWON,P1TURNINGPOINT,P2SCORE,P2DOUBLEFAULT,ELAPSEDTIME,P2SECONDSRVIN,P2FIRSTSRVIN,P2SECONDSRVWON,P2WINNER,WINNER_BH,P2BREAKPOINTWON,P1SECONDSRVIN,P2TURNINGPOINT,P1WINNER,POINTSERVER,P2POINTSWON,P2GAMESWON,P2MOMENTUM,P2BREAKPOINT,P2FORCEDERROR,HISTORY,P1GAMESWON,P1NETPOINT,P1MOMENTUM,SPEED_MPH,P1BREAKPOINTMISSED,POINTNUMBER,P1UNFERR,P2FIRSTSRVWON,GAMENO,SERVINGTO,P1SCORE,P1BREAKPOINT,P1SECONDSRVWON,RALLY
,,2013-ausopen-1401,,,,,,1401,Stanislas Wawrinka,,Novak Djokovic,2013,ausopen,,,0,,0,0,0,0,1,,0,2,,0,140,0,0,1,,0,,2013-ausopen-1401,0,0,,15,0,0:00:00,,,,0,,0,,,0,1,1,0,1,0,,11020,0,0,1,87,0,1,1,,1,,0,0,,
,,2013-ausopen-1401,,,,,,1401,Stanislas Wawrinka,,Novak Djokovic,2013,ausopen,,,0,,0,0,0,0,1,,1,2,,0,172,0,0,1,,0,,2013-ausopen-1401,0,0,,30,0,0:01:10,,,,0,,0,,,0,1,2,0,2,0,,12020,0,0,2,106,0,3,1,,1,,15,0,,
,,2013-ausopen-1401,,,,,,1401,Stanislas Wawrinka,,Novak Djokovic,2013,ausopen,,,0,,0,0,0,0,1,,3,2,,0,189,0,0,1,,0,,2013-ausopen-1401,0,0,,40,0,0:02:44,,,,0,,0,,,0,1,3,0,3,0,,11030,0,0,7,117,0,6,0,,1,,40,0,,
,,2013-ausopen-1401,,,,,,1401,Stanislas Wawrinka,,Novak Djokovic,2013,ausopen,,,0,,0,0,0,0,1,,4,1,,0,192,0,0,1,,0,,2013-ausopen-1401,0,0,,40,0,0:03:36,,,,0,,0,,,1,1,3,0,3,0,,14000,0,0,10,119,0,7,0,,1,,AD,0,,
,,2013-ausopen-1401,,,,,,1401,Stanislas Wawrinka,,Novak Djokovic,2013,ausopen,,,0,,0,0,0,0,1,,5,2,,0,203,0,0,2,,0,,2013-ausopen-1401,0,0,S,15,0,0:04:46,,,,0,,0,,,0,2,4,0,5,0,,12030,1,0,15,126,0,9,0,,2,,0,0,,
,,2013-ausopen-1401,,,,,,1401,Stanislas Wawrinka,,Novak Djokovic,2013,ausopen,,,0,,0,0,0,0,1,,6,1,,0,195,0,0,2,,0,,2013-ausopen-1401,0,0,,15,0,0:05:03,,,,0,,0,,,0,2,4,0,4,0,,22030,1,0,17,121,0,10,0,,2,,15,0,,
,,2013-ausopen-1401,,,,,,1401,Stanislas Wawrinka,,Novak Djokovic,2013,ausopen,,,0,,0,0,0,0,1,,6,2,,0,180,0,1,2,,0,,2013-ausopen-1401,0,1,,30,0,0:05:29,,,,1,,0,,,0,2,5,0,7,0,,22410,1,0,17,111,0,11,0,,2,,15,0,,
,,2013-ausopen-1401,,,,,,1401,Stanislas Wawrinka,,Novak Djokovic,2013,ausopen,,,0,,0,0,0,0,1,,7,1,,1,186,0,1,2,,0,,2013-ausopen-1401,0,0,,30,0,0:05:56,,,,0,,0,,,0,2,5,0,5,0,,21020,1,0,18,115,0,12,0,,2,,30,0,,
,,2013-ausopen-1401,,,,,,1401,Stanislas Wawrinka,,Novak Djokovic,2013,ausopen,,,0,,0,0,0,0,1,,7,2,,0,0,1,0,1,,0,,2013-ausopen-1401,0,0,,15,0,0:07:26,,,,0,,0,,,0,1,8,1,12,0,,15000,1,0,12,0,0,15,1,,3,,0,0,,
,,2013-ausopen-1401,,,,,,1401,Stanislas Wawrinka,,Novak Djokovic,2013,ausopen,,,0,,0,0,0,0,1,,7,2,,0,138,0,0,1,,0,,2013-ausopen-1401,0,0,,30,0,0:07:57,,,,0,,0,,,0,1,9,1,13,0,,12020,1,0,10,85,0,16,1,,3,,0,0,,
,,2013-ausopen-1401,,,,,,1401,Stanislas Wawrinka,,Novak Djokovic,2013,ausopen,,,0,,0,0,0,0,1,,7,2,,0,152,0,0,2,,0,,2013-ausopen-1401,0,0,,40,0,0:06:17,,,,0,,0,,,0,2,6,0,6,0,,11020,1,0,16,94,0,13,1,,2,,30,0,,
,,2013-ausopen-1401,,,,,,1401,Stanislas Wawrinka,,Novak Djokovic,2013,ausopen,,,0,,0,0,0,0,1,,8,1,,0,199,0,0,1,,0,,2013-ausopen-1401,0,0,,30,0,0:08:37,,,,0,,0,,,0,1,9,1,12,0,,22030,1,0,12,123,0,17,0,,3,,15,0,,
,,2013-ausopen-1401,,,,,,1401,Stanislas Wawrinka,,Novak Djokovic,2013,ausopen,,,0,,0,0,0,0,1,,8,2,,0,155,0,1,2,,0,,2013-ausopen-1401,0,1,,15,0,0:11:53,,,,1,,0,,,0,2,12,2,23,0,,21010,1,0,7,96,0,20,0,,4,,0,0,,
,,2013-ausopen-1401,,,,,,1401,Stanislas Wawrinka,,Novak Djokovic,2013,ausopen,,,0,,0,0,0,0,1,,8,2,,0,198,0,0,2,,0,,2013-ausopen-1401,0,0,,30,0,0:12:24,,,,1,,0,,S,0,2,13,2,26,0,,21010,1,0,7,123,0,21,0,,4,,0,0,,
,,2013-ausopen-1401,,,,,,1401,Stanislas Wawrinka,,Novak Djokovic,2013,ausopen,,,0,,0,0,0,0,1,,8,2,,0,200,0,0,1,,0,,2013-ausopen-1401,0,0,,40,0,0:08:57,,,,0,,0,,,0,1,10,1,14,0,,12030,1,0,11,124,0,18,0,,3,,15,0,,
,,2013-ausopen-1401,,,,,,1401,Stanislas Wawrinka,,Novak Djokovic,2013,ausopen,,,0,,0,0,0,0,1,,9,1,,1,155,0,0,2,,0,,2013-ausopen-1401,0,0,,30,0,0:12:52,,,,0,,0,,M,0,2,13,2,24,0,,22020,1,0,8,96,0,22,0,,4,,15,0,,
,,2013-ausopen-1401,,,,,,1401,Stanislas Wawrinka,,Novak Djokovic,2013,ausopen,,,0,,0,0,0,0,1,,9,2,,0,194,0,0,2,,0,,2013-ausopen-1401,0,0,,40,0,0:13:23,,,,0,,0,,,0,2,14,2,26,0,,11030,1,0,7,120,0,23,0,,4,,15,0,,
,,2013-ausopen-1401,,,,,,1401,Stanislas Wawrinka,,Novak Djokovic,2013,ausopen,,,0,,0,0,0,0,1,,9,2,,0,196,0,0,1,,0,,2013-ausopen-1401,0,0,,15,0,0:14:22,,,,1,,0,,,0,1,16,3,33,0,,21010,1,0,6,121,0,25,0,,5,,0,0,,
,,2013-ausopen-1401,,,,,,1401,Stanislas Wawrinka,,Novak Djokovic,2013,ausopen,,,0,,0,0,0,0,1,,10,1,,0,172,0,0,1,,0,,2013-ausopen-1401,0,0,,15,0,0:14:51,,,,0,,0,,,1,1,16,3,33,0,,12010,1,0,9,106,0,26,0,,5,,15,0,,
,,2013-ausopen-1401,,,,,,1401,Stanislas Wawrinka,,Novak Djokovic,2013,ausopen,,,0,,0,0,0,0,1,,11,1,,1,139,0,0,1,,0,,2013-ausopen-1401,0,0,,15,0,0:15:32,,,,0,,0,,,0,1,16,3,31,0,,22020,1,0,10,86,0,27,0,,5,,30,0,,
,,2013-ausopen-1401,,,,,,1401,Stanislas Wawrinka,,Novak Djokovic,2013,ausopen,,,0,,0,0,0,0,1,,11,2,,0,0,1,0,1,,0,,2013-ausopen-1401,0,0,,30,0,0:16:02,,,,0,,0,,,0,1,17,3,32,0,,15000,1,0,6,0,0,28,1,,5,,30,0,,
,,2013-ausopen-1401,,,,,,1401,Stanislas Wawrinka,,Novak Djokovic,2013,ausopen,,,0,,0,0,0,0,1,,11,2,,0,137,0,0,1,,0,,2013-ausopen-1401,0,0,,40,0,0:16:36,,,,0,,0,,,0,1,18,3,34,0,,11030,1,0,5,85,0,29,0,,5,,30,0,,
,,2013-ausopen-1401,,,,,,1401,Stanislas Wawrinka,,Novak Djokovic,2013,ausopen,,,0,,0,0,0,0,1,,11,2,,0,174,0,1,2,,0,,2013-ausopen-1401,0,1,,40,0,0:20:40,,,,1,,0,,S,0,2,22,4,48,0,,21010,1,0,1,108,0,33,0,,6,,0,0,,
,,2013-ausopen-1401,,,,,,1401,Stanislas Wawrinka,,Novak Djokovic,2013,ausopen,,,0,,0,0,0,0,1,,11,2,,0,187,0,0,2,,0,,2013-ausopen-1401,0,0,S,15,0,0:19:40,,,,0,,0,,,0,2,20,4,42,0,,11020,1,0,1,116,0,31,1,,6,,0,0,,
,,2013-ausopen-1401,,,,,,1401,Stanislas Wawrinka,,Novak Djokovic,2013,ausopen,,,0,,0,0,0,0,1,,11,2,,0,197,0,1,2,,0,,2013-ausopen-1401,0,1,,30,0,0:20:13,,,,1,,0,,,0,2,21,4,45,0,,22410,1,0,1,122,0,32,0,,6,,0,0,,
,,2013-ausopen-1401,,,,,,1401,Stanislas Wawrinka,,Novak Djokovic,2013,ausopen,,,0,,0,0,0,0,1,,11,2,,0,198,0,0,1,,0,,2013-ausopen-1401,0,0,,15,0,0:21:58,,,,0,,0,,,0,1,24,5,53,0,,12020,1,0,1,123,0,35,1,,7,,0,0,,
,,2013-ausopen-1401,,,,,,1401,Stanislas Wawrinka,,Novak Djokovic,2013,ausopen,,,0,,0,0,0,0,1,,12,1,,0,151,0,0,1,,0,,2013-ausopen-1401,0,0,,15,0,0:22:52,,,,0,,0,,,0,1,24,5,52,0,,21030,1,0,3,93,0,36,0,,7,,15,0,,
,,2013-ausopen-1401,,,,,,1401,Stanislas Wawrinka,,Novak Djokovic,2013,ausopen,,,0,,0,0,0,0,1,,12,2,,0,156,0,0,1,,0,,2013-ausopen-1401,0,0,,30,0,0:23:29,,,,0,,0,,,0,1,25,5,53,0,,11020,1,0,1,97,0,37,1,,7,,15,0,,
,,2013-ausopen-1401,,,,,,1401,Stanislas Wawrinka,,Novak Djokovic,2013,ausopen,,,0,,0,0,0,0,1,,13,2,,0,185,0,0,1,,0,,2013-ausopen-1401,0,0,,40,0,0:24:52,,,,0,,0,,,0,1,26,5,53,0,,12420,1,1,1,115,0,39,1,,7,,30,0,,
,,2013-ausopen-1401,,,,,,1401,Stanislas Wawrinka,,Novak Djokovic,2013,ausopen,,,0,,0,0,0,0,2,,14,1,,1,192,0,0,2,,0,,2013-ausopen-1401,0,0,,15,0,0:28:29,,,,0,,0,,M,0,2,28,0,65,0,,21020,0,0,2,119,0,42,0,,1,,15,0,,
,,2013-ausopen-1401,,,,,,1401,Stanislas Wawrinka,,Novak Djokovic,2013,ausopen,,,0,,0,0,0,0,2,,15,1,,1,167,0,0,2,,0,,2013-ausopen-1401,0,0,,15,0,0:28:53,,,,0,,0,,,0,2,28,0,63,0,,21020,0,0,3,103,0,43,0,,1,,30,0,,
,,2013-ausopen-1401,,,,,,1401,Stanislas Wawrinka,,Novak Djokovic,2013,ausopen,,,0,,0,0,0,0,2,,16,1,,1,207,0,0,2,,0,,2013-ausopen-1401,0,0,,15,0,0:29:41,,,,0,,0,,,0,2,28,0,61,0,,22020,0,0,4,128,0,44,0,,1,,40,0,,
,,2013-ausopen-1401,,,,,,1401,Stanislas Wawrinka,,Novak Djokovic,2013,ausopen,,,0,,0,0,0,0,2,,17,2,,0,158,0,1,1,,0,,2013-ausopen-1401,0,1,,30,0,0:32:20,,,,0,,0,,,0,1,30,0,62,0,,12030,1,0,9,98,0,47,0,,2,,0,0,,
,,2013-ausopen-1401,,,,,,1401,Stanislas Wawrinka,,Novak Djokovic,2013,ausopen,,,0,,0,0,0,0,2,,17,2,,0,168,0,0,1,,0,,2013-ausopen-1401,0,0,,15,0,0:31:19,,,,1,,0,,,0,1,29,0,60,0,,22010,1,1,10,104,0,46,0,,2,,0,0,,
,,2013-ausopen-1401,,,,,,1401,Stanislas Wawrinka,,Novak Djokovic,2013,ausopen,,,0,,0,0,0,0,2,,17,2,,0,187,0,0,1,,0,,2013-ausopen-1401,0,0,,40,0,0:33:16,,,,0,,0,,,0,1,31,0,63,0,,12020,1,0,7,116,0,48,1,,2,,0,0,,
,,2013-ausopen-1401,,,,,,1401,Stanislas Wawrinka,,Novak Djokovic,2013,ausopen,,,0,,0,0,0,0,2,,18,1,,0,190,0,0,1,,0,,2013-ausopen-1401,1,0,,40,0,0:33:47,,,,0,,0,,,0,1,31,0,62,1,,21030,1,0,9,118,0,49,0,,2,,15,0,,
,,2013-ausopen-1401,,,,,,1401,Stanislas Wawrinka,,Novak Djokovic,2013,ausopen,,,0,,0,0,0,0,2,,18,2,,0,163,0,0,2,,0,,2013-ausopen-1401,0,0,,15,0,0:34:43,,,,1,,0,,,0,2,33,1,70,0,,21010,1,0,5,101,0,51,0,,3,,0,0,,
,,2013-ausopen-1401,,,,,,1401,Stanislas Wawrinka,,Novak Djokovic,2013,ausopen,,,0,,0,0,0,0,2,,19,1,,1,160,0,0,2,,0,,2013-ausopen-1401,0,0,,15,0,0:35:23,,,,0,,0,,,0,2,33,1,68,0,,21020,1,0,6,99,0,52,0,,3,,15,0,,
,,2013-ausopen-1401,,,,,,1401,Stanislas Wawrinka,,Novak Djokovic,2013,ausopen,,,0,,0,0,0,0,2,,20,1,,1,214,0,0,2,,0,,2013-ausopen-1401,0,0,,15,0,0:36:04,,,,0,,0,,,0,2,33,1,66,0,,21020,1,0,7,133,0,53,0,,3,,30,0,,
,,2013-ausopen-1401,,,,,,1401,Stanislas Wawrinka,,Novak Djokovic,2013,ausopen,,,0,,0,0,0,0,2,,20,2,,0,160,0,0,2,,0,,2013-ausopen-1401,0,0,,30,0,0:36:29,,,,0,,0,,,0,2,34,1,67,0,,11020,1,0,5,99,0,54,1,,3,,30,0,,
,,2013-ausopen-1401,,,,,,1401,Stanislas Wawrinka,,Novak Djokovic,2013,ausopen,,,0,,0,0,0,0,2,,21,1,,1,162,0,0,2,,0,,2013-ausopen-1401,0,0,,40,0,0:37:43,,,,0,,0,,,0,2,35,1,69,0,,21020,1,0,6,100,0,56,0,,3,,40,0,,
,,2013-ausopen-1401,,,,,,1401,Stanislas Wawrinka,,Novak Djokovic,2013,ausopen,,,0,,0,0,0,0,2,,22,1,,0,214,0,1,2,,0,,2013-ausopen-1401,0,0,,40,0,0:38:20,,,,0,,0,,,1,2,35,1,69,0,,12010,1,0,9,133,0,57,0,,3,,AD,0,,
,,2013-ausopen-1401,,,,,,1401,Stanislas Wawrinka,,Novak Djokovic,2013,ausopen,,,0,,0,0,0,0,2,,22,2,,0,179,0,0,2,,0,,2013-ausopen-1401,0,0,,40,0,0:39:03,,,,0,,0,,,0,2,36,1,71,0,,11030,1,0,8,111,1,58,0,,3,,40,1,,
,,2013-ausopen-1401,,,,,,1401,Stanislas Wawrinka,,Novak Djokovic,2013,ausopen,,,0,,0,0,0,0,2,,22,2,,0,214,0,1,2,,0,,2013-ausopen-1401,0,1,,AD,0,0:39:36,,,,1,,0,,,0,2,37,1,74,0,,21010,1,0,8,133,0,59,0,,3,,40,0,,
,,2013-ausopen-1401,,,,,,1401,Stanislas Wawrinka,,Novak Djokovic,2013,ausopen,,,0,,0,0,0,0,2,,23,1,,1,222,0,0,2,,0,,2013-ausopen-1401,0,0,,40,0,0:40:08,,,,0,,0,,,0,2,37,1,72,0,,21020,1,0,9,138,0,60,0,,3,,40,0,,
,,2013-ausopen-1401,,,,,,1401,Stanislas Wawrinka,,Novak Djokovic,2013,ausopen,,,0,,0,0,0,0,2,,23,2,,0,177,0,0,1,,0,,2013-ausopen-1401,0,0,,15,0,0:43:45,,,,1,,0,,,0,1,40,2,82,0,,22010,1,1,8,110,0,63,0,,4,,0,0,,
,,2013-ausopen-1401,,,,,,1401,Stanislas Wawrinka,,Novak Djokovic,2013,ausopen,,,0,,0,0,0,0,2,,23,2,,0,219,0,0,2,,0,,2013-ausopen-1401,0,0,,AD,0,0:40:34,,,,1,,0,,,0,2,38,1,75,0,,24000,1,0,9,136,0,61,0,,3,,40,0,,
,,2013-ausopen-1401,,,,,,1401,Stanislas Wawrinka,,Novak Djokovic,2013,ausopen,,,0,,0,0,0,0,2,,24,1,,0,190,0,0,1,,0,,2013-ausopen-1401,0,0,,15,0,0:44:11,,,,0,,0,,,0,1,40,2,81,0,,21030,1,0,10,118,0,64,0,,4,,15,0,,
,,2013-ausopen-1401,,,,,,1401,Stanislas Wawrinka,,Novak Djokovic,2013,ausopen,,,0,,0,0,0,0,2,,24,2,,0,198,0,0,1,,0,,2013-ausopen-1401,0,0,,30,0,0:44:32,,,,0,,0,,,0,1,41,2,83,0,,11030,1,0,9,123,0,65,0,,4,,15,0,,
,,2013-ausopen-1401,,,,,,1401,Stanislas Wawrinka,,Novak Djokovic,2013,ausopen,,,0,,0,0,0,0,2,,24,2,,0,199,0,0,1,,0,,2013-ausopen-1401,0,0,,40,0,0:45:19,,,,0,,0,,,0,1,42,2,85,0,,11030,1,0,8,123,0,66,0,,4,,15,0,,
,,2013-ausopen-1401,,,,,,1401,Stanislas Wawrinka,,Novak Djokovic,2013,ausopen,,,0,,0,0,0,0,2,,25,1,,1,148,0,0,1,,0,,2013-ausopen-1401,1,0,,40,0,0:46:02,,,,0,,0,,,0,1,42,2,83,1,,22020,1,0,9,92,0,67,0,,4,,30,0,,
,,2013-ausopen-1401,,,,,,1401,Stanislas Wawrinka,,Novak Djokovic,2013,ausopen,,,0,,0,0,0,0,2,,25,2,,0,187,0,0,2,,0,,2013-ausopen-1401,0,0,,40,0,0:49:08,,,,1,,0,,M,0,2,46,3,101,0,,22010,1,0,7,116,0,71,0,,5,,0,0,,
,,2013-ausopen-1401,,,,,,1401,Stanislas Wawrinka,,Novak Djokovic,2013,ausopen,,,0,,0,0,0,0,2,,27,1,,0,169,0,0,2,,0,,2013-ausopen-1401,0,0,,40,0,0:50:19,,,,0,,0,,,0,2,46,3,99,0,,21030,1,0,11,105,0,73,0,,5,,30,0,,
,,2013-ausopen-1401,,,,,,1401,Stanislas Wawrinka,,Novak Djokovic,2013,ausopen,,,0,,0,0,0,0,2,,27,2,,0,196,0,0,1,,0,,2013-ausopen-1401,0,0,,15,0,0:52:55,,,,0,,0,,,0,1,48,4,104,0,,12020,1,1,8,121,0,75,1,,6,,0,0,,
,,2013-ausopen-1401,,,,,,1401,Stanislas Wawrinka,,Novak Djokovic,2013,ausopen,,,0,,0,0,0,0,2,,28,1,,0,195,0,0,1,,0,,2013-ausopen-1401,0,0,,15,0,0:53:20,,,,0,,0,,,0,1,48,4,103,0,,22030,1,0,10,121,0,76,0,,6,,15,0,,
,,2013-ausopen-1401,,,,,,1401,Stanislas Wawrinka,,Novak Djokovic,2013,ausopen,,,0,,0,0,0,0,2,,29,1,,1,156,0,0,1,,0,,2013-ausopen-1401,0,0,,15,0,0:53:43,,,,0,,0,,,0,1,48,4,101,0,,22020,1,0,11,97,0,77,0,,6,,30,0,,
,,2013-ausopen-1401,,,,,,1401,Stanislas Wawrinka,,Novak Djokovic,2013,ausopen,,,0,,0,0,0,0,2,,30,1,,1,192,0,0,1,,0,,2013-ausopen-1401,0,0,,15,0,0:54:17,,,,0,,0,,,0,1,48,4,99,0,,22020,1,0,12,119,0,78,0,,6,,40,0,,
,,2013-ausopen-1401,,,,,,1401,Stanislas Wawrinka,,Novak Djokovic,2013,ausopen,,,0,,0,0,0,0,2,,30,2,,0,160,0,0,1,,0,,2013-ausopen-1401,0,0,,30,0,0:54:42,,,,1,,0,,,0,1,49,4,102,0,,22010,1,0,12,99,0,79,0,,6,,40,0,,
,,2013-ausopen-1401,,,,,,1401,Stanislas Wawrinka,,Novak Djokovic,2013,ausopen,,,0,,0,0,0,0,2,,32,1,,1,162,0,0,2,,0,,2013-ausopen-1401,0,0,,0,0,0:56:07,,,,0,,0,,,0,2,49,4,98,0,,22020,2,0,16,100,0,81,0,,7,,15,0,,
,,2013-ausopen-1401,,,,,,1401,Stanislas Wawrinka,,Novak Djokovic,2013,ausopen,,,0,,0,0,0,0,2,,33,1,,1,170,0,0,2,,0,,2013-ausopen-1401,0,0,,0,0,0:56:39,,,,0,,0,,,0,2,49,4,96,0,,22020,2,0,17,105,0,82,0,,7,,30,0,,
,,2013-ausopen-1401,,,,,,1401,Stanislas Wawrinka,,Novak Djokovic,2013,ausopen,,,0,,0,0,0,0,2,,33,2,,0,168,0,0,2,,0,,2013-ausopen-1401,0,0,,40,0,0:58:59,,,,0,,0,,,0,2,52,4,101,0,,11020,2,0,13,104,0,85,1,,7,,30,0,,
,,2013-ausopen-1401,,,,,,1401,Stanislas Wawrinka,,Novak Djokovic,2013,ausopen,,,0,,0,0,0,0,2,,33,2,,0,183,0,0,2,,0,,2013-ausopen-1401,0,0,,15,0,0:57:31,,,,0,,0,,,0,2,50,4,98,0,,11030,2,0,16,113,0,83,0,,7,,30,0,,
,,2013-ausopen-1401,,,,,,1401,Stanislas Wawrinka,,Novak Djokovic,2013,ausopen,,,0,,0,0,0,0,2,,33,2,,0,203,0,1,2,,0,,2013-ausopen-1401,0,1,,30,0,0:58:09,,,,0,,0,,,0,2,51,4,100,0,,12030,2,0,15,126,0,84,0,,7,,30,0,,
,,2013-ausopen-1401,,,,,,1401,Stanislas Wawrinka,,Novak Djokovic,2013,ausopen,,,0,,0,0,0,0,2,,34,1,,0,168,0,1,2,,0,,2013-ausopen-1401,0,0,,40,0,0:59:41,,,,0,,0,,,1,2,52,4,101,0,,12010,2,0,16,104,0,86,0,,7,,40,0,,
,,2013-ausopen-1401,,,,,,1401,Stanislas Wawrinka,,Novak Djokovic,2013,ausopen,,,0,,0,0,0,0,2,,34,2,,0,212,0,0,2,,0,,2013-ausopen-1401,0,0,,AD,0,1:00:17,,,,0,,0,,,0,2,53,4,102,0,,12020,2,0,14,131,0,87,1,,7,,40,0,,
,,2013-ausopen-1401,,,,,,1401,Stanislas Wawrinka,,Novak Djokovic,2013,ausopen,,,0,,0,0,0,0,2,,35,1,,0,191,0,0,1,,0,,2013-ausopen-1401,0,0,,0,0,1:02:49,,,,0,,0,,,0,1,54,5,105,0,,22030,2,0,15,118,0,89,0,,8,,15,0,,
,,2013-ausopen-1401,,,,,,1401,Stanislas Wawrinka,,Novak Djokovic,2013,ausopen,,,0,,0,0,0,0,2,,36,1,,0,186,0,0,1,,0,,2013-ausopen-1401,0,0,,0,0,1:03:11,,,,0,,0,,,0,1,54,5,104,0,,21030,2,0,17,115,0,90,0,,8,,30,0,,
,,2013-ausopen-1401,,,,,,1401,Stanislas Wawrinka,,Novak Djokovic,2013,ausopen,,,0,,0,0,0,0,2,,37,1,,0,148,0,0,1,,0,,2013-ausopen-1401,0,0,,0,0,1:03:31,,,,0,,0,,,0,1,54,5,103,0,,22030,2,0,19,92,0,91,0,,8,,40,0,,
,,2013-ausopen-1401,,,,,,1401,Stanislas Wawrinka,,Novak Djokovic,2013,ausopen,,,0,,0,0,0,0,2,,38,2,,0,157,0,0,2,,0,,2013-ausopen-1401,0,0,,30,0,1:05:25,,,,1,,0,,,0,2,56,5,108,0,,22010,3,0,23,97,0,94,0,,9,,0,0,,
,,2013-ausopen-1401,,,,,,1401,Stanislas Wawrinka,,Novak Djokovic,2013,ausopen,,,0,,0,0,0,0,2,,38,2,,0,200,0,1,2,,0,,2013-ausopen-1401,0,1,S,15,0,1:04:44,,,,0,,0,,,0,2,55,5,105,0,,11030,3,0,23,124,0,93,0,,9,,0,0,,
,,2013-ausopen-1401,,,,,,1401,Stanislas Wawrinka,,Novak Djokovic,2013,ausopen,,,0,,0,0,0,0,2,,39,1,,1,173,0,0,2,,0,,2013-ausopen-1401,0,0,,30,0,1:06:07,,,,0,,0,,,0,2,56,5,106,0,,21020,3,0,24,107,0,95,0,,9,,15,0,,
,,2013-ausopen-1401,,,,,,1401,Stanislas Wawrinka,,Novak Djokovic,2013,ausopen,,,0,,0,0,0,0,2,,40,1,,1,156,0,0,2,,0,,2013-ausopen-1401,0,0,,30,0,1:06:40,,,,0,,0,,,0,2,56,5,104,0,,22020,3,0,25,97,0,96,0,,9,,30,0,,
,,2013-ausopen-1401,,,,,,1401,Stanislas Wawrinka,,Novak Djokovic,2013,ausopen,,,0,,0,0,0,0,2,,41,1,,1,177,0,0,2,,0,,2013-ausopen-1401,0,0,,30,0,1:07:32,,,,0,,0,,,0,2,56,5,102,0,,21020,3,0,26,110,0,97,0,,9,,40,0,,
,,2013-ausopen-1401,,,,,,1401,Stanislas Wawrinka,,Novak Djokovic,2013,ausopen,,,0,,0,0,0,0,2,,42,2,,0,197,0,0,1,,0,,2013-ausopen-1401,0,0,,15,0,1:10:10,,,,0,,0,,,0,1,57,5,99,0,,11020,4,0,29,122,0,99,1,,10,,0,0,,
,,2013-ausopen-1401,,,,,,1401,Stanislas Wawrinka,,Novak Djokovic,2013,ausopen,,,0,,0,0,0,0,2,,43,1,,0,178,0,0,1,,0,,2013-ausopen-1401,0,0,,15,0,1:10:44,,,,0,,0,,,0,1,57,5,98,0,,21030,4,0,31,110,0,100,0,,10,,15,0,,
,,2013-ausopen-1401,,,,,,1401,Stanislas Wawrinka,,Novak Djokovic,2013,ausopen,,,0,,0,0,0,0,2,,44,1,,0,187,0,0,1,,0,,2013-ausopen-1401,0,0,,15,0,1:11:46,,,,0,,0,,,0,1,57,5,97,0,,21030,4,0,33,116,0,101,0,,10,,30,0,,
,,2013-ausopen-1401,,,,,,1401,Stanislas Wawrinka,,Novak Djokovic,2013,ausopen,,,0,,0,0,0,0,2,,45,1,,0,142,0,0,1,,0,,2013-ausopen-1401,0,0,,15,0,1:12:08,,,,0,,0,,,0,1,57,5,96,0,,21030,4,0,35,88,0,102,0,,10,,40,0,,
,,2013-ausopen-1401,,,,,,1401,Stanislas Wawrinka,,Novak Djokovic,2013,ausopen,,,0,,0,0,0,0,2,,46,2,,0,187,0,0,2,,0,,2013-ausopen-1401,0,0,,15,0,1:13:24,,,,0,,0,,,0,2,58,5,97,0,,11030,5,0,38,116,0,104,0,,11,,0,0,,
,,2013-ausopen-1401,,,,,,1401,Stanislas Wawrinka,,Novak Djokovic,2013,ausopen,,,0,,0,0,0,0,2,,47,1,,1,150,0,0,2,,0,,2013-ausopen-1401,0,0,,15,0,1:14:39,,,,0,,0,,,0,2,58,5,95,0,,22020,5,0,39,93,0,105,0,,11,,15,0,,
,,2013-ausopen-1401,,,,,,1401,Stanislas Wawrinka,,Novak Djokovic,2013,ausopen,,,0,,0,0,0,0,2,,48,1,,1,158,0,0,2,,0,,2013-ausopen-1401,0,0,,15,0,1:15:34,,,,0,,0,,,0,2,58,5,93,0,,22020,5,0,40,98,0,106,0,,11,,30,0,,
,,2013-ausopen-1401,,,,,,1401,Stanislas Wawrinka,,Novak Djokovic,2013,ausopen,,,0,,0,0,0,0,2,,49,1,,1,207,0,0,2,,0,,2013-ausopen-1401,0,0,,15,0,1:16:36,,,,0,,0,,,0,2,58,5,91,0,,21020,5,0,41,128,0,107,0,,11,,40,0,,
,,2013-ausopen-1401,,,,,,1401,Stanislas Wawrinka,,Novak Djokovic,2013,ausopen,,,0,,0,0,0,0,2,,49,2,,0,149,0,0,2,,0,,2013-ausopen-1401,0,0,,40,0,1:18:29,,,,0,,0,,,0,2,60,5,93,0,,11020,5,0,37,92,1,109,1,,11,,40,1,,
,,2013-ausopen-1401,,,,,,1401,Stanislas Wawrinka,,Novak Djokovic,2013,ausopen,,,0,,0,0,0,0,2,,49,2,,0,189,0,0,2,,0,,2013-ausopen-1401,0,0,,30,0,1:17:34,,,,0,,0,,,0,2,59,5,92,0,,11020,5,0,39,117,1,108,1,,11,,40,1,,
,,2013-ausopen-1401,,,,,,1401,Stanislas Wawrinka,,Novak Djokovic,2013,ausopen,,,0,,0,0,0,0,2,,51,1,,1,189,0,0,2,,0,,2013-ausopen-1401,0,0,,40,0,1:20:15,,,,0,,0,,,0,2,61,5,94,0,,21020,5,0,40,117,0,112,0,,11,,AD,0,,
,,2013-ausopen-1401,,,,,,1401,Stanislas Wawrinka,,Novak Djokovic,2013,ausopen,,,0,,0,0,0,0,2,,53,1,,1,199,0,0,1,,0,,2013-ausopen-1401,0,0,S,0,0,1:22:41,,,,0,,0,,,0,1,61,5,88,0,,21020,6,0,47,123,0,114,0,,12,,15,0,,
,,2013-ausopen-1401,,,,,,1401,Stanislas Wawrinka,,Novak Djokovic,2013,ausopen,,,0,,0,0,0,0,2,,54,2,,0,0,1,0,1,,0,,2013-ausopen-1401,0,0,M,15,0,1:23:27,,,,0,,0,,,0,1,62,5,89,0,,15000,6,0,47,0,0,116,1,,12,,30,0,,
,,2013-ausopen-1401,,,,,,1401,Stanislas Wawrinka,,Novak Djokovic,2013,ausopen,,,0,,0,0,0,0,2,,55,1,,1,132,0,0,1,,0,,2013-ausopen-1401,0,0,,15,0,1:23:57,,,,0,,0,,,0,1,62,5,87,0,,22020,6,0,48,82,0,117,0,,12,,40,0,,
,,2013-ausopen-1401,,,,,,1401,Stanislas Wawrinka,,Novak Djokovic,2013,ausopen,,,0,,0,0,0,0,3,,56,2,,0,193,0,0,2,,0,,2013-ausopen-1401,0,0,,15,0,1:29:13,,,,0,,0,,,0,2,63,0,86,0,,11030,0,0,55,120,0,119,0,,1,,0,0,,
,,2013-ausopen-1401,,,,,,1401,Stanislas Wawrinka,,Novak Djokovic,2013,ausopen,,,0,,0,0,0,0,3,,57,1,,1,147,0,0,2,,0,,2013-ausopen-1401,0,0,,15,0,1:29:30,,,,0,,0,,,0,2,63,0,84,0,,22020,0,0,56,91,0,120,0,,1,,15,0,,
,,2013-ausopen-1401,,,,,,1401,Stanislas Wawrinka,,Novak Djokovic,2013,ausopen,,,0,,0,0,0,0,3,,58,1,,1,200,0,0,2,,0,,2013-ausopen-1401,0,0,,30,0,1:30:48,,,,0,,0,,,0,2,64,0,86,0,,22020,0,0,57,124,0,122,0,,1,,30,0,,
,,2013-ausopen-1401,,,,,,1401,Stanislas Wawrinka,,Novak Djokovic,2013,ausopen,,,0,,0,0,0,0,3,,59,1,,0,194,0,1,2,,0,,2013-ausopen-1401,0,0,,30,0,1:31:15,,,,0,,0,,,1,2,64,0,86,0,,12010,0,0,60,120,0,123,0,,1,,40,0,,
,,2013-ausopen-1401,,,,,,1401,Stanislas Wawrinka,,Novak Djokovic,2013,ausopen,,,0,,0,0,0,0,3,,61,1,,0,198,0,0,1,,0,,2013-ausopen-1401,0,0,S,0,0,1:33:12,,,,0,,0,,,1,1,64,0,82,0,,11010,1,0,69,123,0,125,0,,2,,15,0,,
,,2013-ausopen-1401,,,,,,1401,Stanislas Wawrinka,,Novak Djokovic,2013,ausopen,,,0,,0,0,0,0,3,,62,1,,0,155,0,0,1,,0,,2013-ausopen-1401,0,0,M,0,0,1:33:37,,,,0,,0,,,0,1,64,0,81,0,,22030,1,0,71,96,0,126,0,,2,,30,0,,
,,2013-ausopen-1401,,,,,,1401,Stanislas Wawrinka,,Novak Djokovic,2013,ausopen,,,0,,0,0,0,0,3,,63,1,,1,180,0,0,1,,0,,2013-ausopen-1401,0,0,,0,0,1:33:57,,,,0,,0,,,0,1,64,0,79,0,,22020,1,0,72,111,0,127,0,,2,,40,0,,
,,2013-ausopen-1401,,,,,,1401,Stanislas Wawrinka,,Novak Djokovic,2013,ausopen,,,0,,0,0,0,0,3,,63,2,,0,140,0,0,1,,0,,2013-ausopen-1401,0,0,,40,0,1:35:16,,,,0,,0,,,0,1,67,0,83,0,,12020,1,0,67,87,0,130,1,,2,,40,0,,
,,2013-ausopen-1401,,,,,,1401,Stanislas Wawrinka,,Novak Djokovic,2013,ausopen,,,0,,0,0,0,0,3,,63,2,,0,177,0,0,1,,0,,2013-ausopen-1401,0,0,,AD,0,1:36:02,,,,0,,0,,,0,1,68,0,84,0,,12020,1,0,65,110,0,131,1,,2,,40,0,,
,,2013-ausopen-1401,,,,,,1401,Stanislas Wawrinka,,Novak Djokovic,2013,ausopen,,,0,,0,0,0,0,3,,63,2,,0,191,0,0,1,,0,,2013-ausopen-1401,0,0,,15,0,1:34:19,,,,0,,0,,,0,1,65,0,81,0,,12030,1,0,71,118,0,128,0,,2,,40,0,,
,,2013-ausopen-1401,,,,,,1401,Stanislas Wawrinka,,Novak Djokovic,2013,ausopen,,,0,,0,0,0,0,3,,63,2,,0,199,0,0,1,,0,,2013-ausopen-1401,0,0,,30,0,1:34:44,,,,0,,0,,,0,1,66,0,82,0,,12020,1,0,69,123,0,129,1,,2,,40,0,,
,,2013-ausopen-1401,,,,,,1401,Stanislas Wawrinka,,Novak Djokovic,2013,ausopen,,,0,,0,0,0,0,3,,64,1,,0,203,0,1,2,,0,,2013-ausopen-1401,0,0,,0,0,1:37:47,,,,0,,0,,S,0,2,69,1,89,0,,22430,1,0,64,126,0,133,0,,3,,15,0,,
,,2013-ausopen-1401,,,,,,1401,Stanislas Wawrinka,,Novak Djokovic,2013,ausopen,,,0,,0,0,0,0,3,,64,2,,0,146,0,0,2,,0,,2013-ausopen-1401,0,0,,30,0,1:38:55,,,,0,,0,,,0,2,71,1,92,0,,11020,1,0,61,90,0,135,1,,3,,15,0,,
,,2013-ausopen-1401,,,,,,1401,Stanislas Wawrinka,,Novak Djokovic,2013,ausopen,,,0,,0,0,0,0,3,,64,2,,0,200,0,1,2,,0,,2013-ausopen-1401,0,1,,15,0,1:38:18,,,,0,,0,,,0,2,70,1,91,0,,12030,1,0,63,124,0,134,0,,3,,15,0,,
,,2013-ausopen-1401,,,,,,1401,Stanislas Wawrinka,,Novak Djokovic,2013,ausopen,,,0,,0,0,0,0,3,,65,1,,1,165,0,0,2,,0,,2013-ausopen-1401,0,0,,30,0,1:39:33,,,,0,,0,,,0,2,71,1,90,0,,21020,1,0,62,102,0,136,0,,3,,30,0,,
,,2013-ausopen-1401,,,,,,1401,Stanislas Wawrinka,,Novak Djokovic,2013,ausopen,,,0,,0,0,0,0,3,,65,2,,0,183,0,0,2,,0,,2013-ausopen-1401,0,0,,40,0,1:40:28,,,,1,,0,,,0,2,72,1,93,0,,22010,1,0,62,113,0,137,0,,3,,30,0,,
,,2013-ausopen-1401,,,,,,1401,Stanislas Wawrinka,,Novak Djokovic,2013,ausopen,,,0,,0,0,0,0,3,,66,1,,1,141,0,0,2,,0,,2013-ausopen-1401,0,0,,40,0,1:40:53,,,,0,,0,,,0,2,72,1,91,0,,22020,1,0,63,87,0,138,0,,3,,40,0,,
,,2013-ausopen-1401,,,,,,1401,Stanislas Wawrinka,,Novak Djokovic,2013,ausopen,,,0,,0,0,0,0,3,,66,2,,0,190,0,0,2,,0,,2013-ausopen-1401,0,0,,AD,0,1:41:44,,,,0,,0,,,0,2,73,1,93,0,,11030,1,0,62,118,0,139,0,,3,,40,0,,
,,2013-ausopen-1401,,,,,,1401,Stanislas Wawrinka,,Novak Djokovic,2013,ausopen,,,0,,0,0,0,0,3,,67,1,,0,177,0,0,1,,0,,2013-ausopen-1401,0,0,,0,0,1:44:04,,,,0,,0,,,0,1,74,2,98,0,,21030,1,0,64,110,0,141,0,,4,,15,0,,
,,2013-ausopen-1401,,,,,,1401,Stanislas Wawrinka,,Novak Djokovic,2013,ausopen,,,0,,0,0,0,0,3,,67,2,,0,134,0,0,1,,0,,2013-ausopen-1401,0,0,,15,0,1:44:21,,,,1,,0,,S,0,1,75,2,101,0,,22010,1,0,64,83,0,142,0,,4,,15,0,,
,,2013-ausopen-1401,,,,,,1401,Stanislas Wawrinka,,Novak Djokovic,2013,ausopen,,,0,,0,0,0,0,3,,68,1,,0,198,0,0,1,,0,,2013-ausopen-1401,0,0,,15,0,1:45:17,,,,0,,0,,S,0,1,75,2,100,0,,22030,1,0,66,123,0,143,0,,4,,30,0,,
,,2013-ausopen-1401,,,,,,1401,Stanislas Wawrinka,,Novak Djokovic,2013,ausopen,,,0,,0,0,0,0,3,,69,2,,0,132,0,0,1,,0,,2013-ausopen-1401,0,0,,40,0,1:46:38,,,,1,,0,,,0,1,77,2,106,0,,22010,1,0,69,82,0,146,0,,4,,40,0,,
,,2013-ausopen-1401,,,,,,1401,Stanislas Wawrinka,,Novak Djokovic,2013,ausopen,,,0,,0,0,0,0,3,,69,2,,0,146,0,0,1,,0,,2013-ausopen-1401,0,0,,30,0,1:46:04,,,,1,,0,,,0,1,76,2,103,0,,22010,1,0,69,90,0,145,0,,4,,40,0,,
,,2013-ausopen-1401,,,,,,1401,Stanislas Wawrinka,,Novak Djokovic,2013,ausopen,,,0,,0,0,0,0,3,,71,2,,0,150,0,0,2,,0,,2013-ausopen-1401,0,0,,15,0,1:49:01,,,,0,,0,,,0,2,78,2,106,0,,11020,2,0,74,93,0,149,1,,5,,0,0,,
,,2013-ausopen-1401,,,,,,1401,Stanislas Wawrinka,,Novak Djokovic,2013,ausopen,,,0,,0,0,0,0,3,,72,1,,1,167,0,0,2,,0,,2013-ausopen-1401,0,0,,30,0,1:50:04,,,,0,,0,,,0,2,79,2,108,0,,22020,2,0,75,103,0,151,0,,5,,15,0,,
,,2013-ausopen-1401,,,,,,1401,Stanislas Wawrinka,,Novak Djokovic,2013,ausopen,,,0,,0,0,0,0,3,,72,2,,0,202,0,1,2,,0,,2013-ausopen-1401,0,1,,40,0,1:50:51,,,,0,,0,,,0,2,80,2,110,0,,12030,2,0,74,125,0,152,0,,5,,15,0,,
,,2013-ausopen-1401,,,,,,1401,Stanislas Wawrinka,,Novak Djokovic,2013,ausopen,,,0,,0,0,0,0,3,,73,1,,1,172,0,0,2,,0,,2013-ausopen-1401,0,0,,40,0,1:51:29,,,,0,,0,,,0,2,80,2,108,0,,22020,2,0,75,106,0,153,0,,5,,30,0,,
,,2013-ausopen-1401,,,,,,1401,Stanislas Wawrinka,,Novak Djokovic,2013,ausopen,,,0,,0,0,0,0,3,,74,1,,0,190,0,0,1,,0,,2013-ausopen-1401,0,0,,0,0,1:54:13,,,,0,,0,,,0,1,81,3,110,0,,21030,2,0,75,118,0,155,0,,6,,15,0,,
,,2013-ausopen-1401,,,,,,1401,Stanislas Wawrinka,,Novak Djokovic,2013,ausopen,,,0,,0,0,0,0,3,,74,2,,0,0,1,0,1,,0,,2013-ausopen-1401,0,0,,15,0,1:54:29,,,,0,,0,,,0,1,82,3,111,0,,15000,2,0,71,0,0,156,1,,6,,15,0,,
,,2013-ausopen-1401,,,,,,1401,Stanislas Wawrinka,,Novak Djokovic,2013,ausopen,,,0,,0,0,0,0,3,,75,1,,0,187,0,0,1,,0,,2013-ausopen-1401,0,0,,15,0,1:55:14,,,,0,,0,,,0,1,82,3,110,0,,21030,2,0,73,116,0,157,0,,6,,30,0,,
,,2013-ausopen-1401,,,,,,1401,Stanislas Wawrinka,,Novak Djokovic,2013,ausopen,,,0,,0,0,0,0,3,,77,2,,0,196,0,0,2,,0,,2013-ausopen-1401,0,0,S,15,0,1:56:52,,,,0,,0,,,0,2,83,3,112,0,,11030,3,0,80,121,0,160,0,,7,,0,0,,
,,2013-ausopen-1401,,,,,,1401,Stanislas Wawrinka,,Novak Djokovic,2013,ausopen,,,0,,0,0,0,0,3,,77,2,,0,199,0,1,2,,0,,2013-ausopen-1401,0,1,,30,0,1:57:06,,,,0,,0,,,0,2,84,3,114,0,,12030,3,0,79,123,0,161,0,,7,,0,0,,
,,2013-ausopen-1401,,,,,,1401,Stanislas Wawrinka,,Novak Djokovic,2013,ausopen,,,0,,0,0,0,0,3,,78,1,,1,172,0,1,2,,0,,2013-ausopen-1401,0,0,,30,0,1:57:31,,,,0,,0,,,0,2,84,3,112,0,,22420,3,0,80,106,0,162,0,,7,,15,0,,
,,2013-ausopen-1401,,,,,,1401,Stanislas Wawrinka,,Novak Djokovic,2013,ausopen,,,0,,0,0,0,0,3,,79,1,,0,207,0,0,2,,0,,2013-ausopen-1401,0,0,,30,0,1:57:58,,,,0,,0,,,0,2,84,3,111,0,,21030,3,0,82,128,0,163,0,,7,,30,0,,
,,2013-ausopen-1401,,,,,,1401,Stanislas Wawrinka,,Novak Djokovic,2013,ausopen,,,0,,0,0,0,0,3,,79,2,,0,195,0,0,2,,0,,2013-ausopen-1401,0,0,,40,0,1:58:33,,,,0,,0,,,0,2,85,3,112,0,,11020,3,0,80,121,0,164,1,,7,,30,0,,
,,2013-ausopen-1401,,,,,,1401,Stanislas Wawrinka,,Novak Djokovic,2013,ausopen,,,0,,0,0,0,0,3,,80,1,,0,175,0,0,1,,0,,2013-ausopen-1401,0,0,,0,0,2:00:49,,,,0,,0,,,1,1,86,4,116,0,,11010,3,0,82,108,0,166,0,,8,,15,0,,
,,2013-ausopen-1401,,,,,,1401,Stanislas Wawrinka,,Novak Djokovic,2013,ausopen,,,0,,0,0,0,0,3,,81,1,,0,198,0,0,1,,0,,2013-ausopen-1401,0,0,,0,0,2:01:09,,,,0,,0,,,0,1,86,4,115,0,,22030,3,0,84,123,0,167,0,,8,,30,0,,
,,2013-ausopen-1401,,,,,,1401,Stanislas Wawrinka,,Novak Djokovic,2013,ausopen,,,0,,0,0,0,0,3,,82,1,,0,164,0,0,1,,0,,2013-ausopen-1401,0,0,,0,0,2:01:27,,,,0,,0,,,0,1,86,4,114,0,,21030,3,0,86,101,0,168,0,,8,,40,0,,
,,2013-ausopen-1401,,,,,,1401,Stanislas Wawrinka,,Novak Djokovic,2013,ausopen,,,0,,0,0,0,0,3,,84,1,,1,156,0,0,2,,0,,2013-ausopen-1401,0,0,,0,0,2:02:34,,,,0,,0,,,0,2,86,4,111,0,,21020,4,0,91,97,0,170,0,,9,,15,0,,
,,2013-ausopen-1401,,,,,,1401,Stanislas Wawrinka,,Novak Djokovic,2013,ausopen,,,0,,0,0,0,0,3,,85,1,,1,189,0,0,2,,0,,2013-ausopen-1401,0,0,,0,0,2:03:03,,,,0,,0,,,0,2,86,4,109,0,,22020,4,0,92,117,0,171,0,,9,,30,0,,
,,2013-ausopen-1401,,,,,,1401,Stanislas Wawrinka,,Novak Djokovic,2013,ausopen,,,0,,0,0,0,0,3,,85,2,,0,152,0,0,2,,0,,2013-ausopen-1401,0,0,,15,0,2:03:36,,,,0,,0,,,0,2,87,4,110,0,,12020,4,0,90,94,0,172,1,,9,,30,0,,
,,2013-ausopen-1401,,,,,,1401,Stanislas Wawrinka,,Novak Djokovic,2013,ausopen,,,0,,0,0,0,0,3,,86,1,,0,205,0,1,2,,0,,2013-ausopen-1401,0,0,,15,0,2:04:23,,,,0,,0,,,1,2,87,4,110,0,,11010,4,0,93,127,0,173,0,,9,,40,0,,
,,2013-ausopen-1401,,,,,,1401,Stanislas Wawrinka,,Novak Djokovic,2013,ausopen,,,0,,0,0,0,0,3,,86,2,,0,181,0,0,2,,0,,2013-ausopen-1401,0,0,,30,0,2:04:51,,,,0,,0,,,0,2,88,4,112,0,,11030,4,0,92,112,1,174,0,,9,,40,1,,
,,2013-ausopen-1401,,,,,,1401,Stanislas Wawrinka,,Novak Djokovic,2013,ausopen,,,0,,0,0,0,0,3,,88,1,,0,186,0,0,1,,0,,2013-ausopen-1401,0,0,,0,0,2:07:50,,,,0,,0,,,0,1,88,4,108,0,,21030,5,0,101,115,0,176,0,,10,,15,0,,
,,2013-ausopen-1401,,,,,,1401,Stanislas Wawrinka,,Novak Djokovic,2013,ausopen,,,0,,0,0,0,0,3,,88,2,,0,134,0,1,1,,0,,2013-ausopen-1401,0,1,,15,0,2:08:09,,,,1,,0,,,0,1,89,4,111,0,,22010,5,0,101,83,0,177,0,,10,,15,0,,
,,2013-ausopen-1401,,,,,,1401,Stanislas Wawrinka,,Novak Djokovic,2013,ausopen,,,0,,0,0,0,0,3,,89,1,,1,188,0,0,1,,0,,2013-ausopen-1401,0,0,,15,0,2:08:58,,,,0,,0,,,0,1,89,4,109,0,,22020,5,0,102,116,0,178,0,,10,,30,0,,
,,2013-ausopen-1401,,,,,,1401,Stanislas Wawrinka,,Novak Djokovic,2013,ausopen,,,0,,0,0,0,0,3,,90,1,,0,179,0,0,1,,0,,2013-ausopen-1401,0,0,,15,0,2:09:36,,,,0,,0,,,0,1,89,4,108,0,,21030,5,0,104,111,0,179,0,,10,,40,0,,
,,2013-ausopen-1401,,,,,,1401,Stanislas Wawrinka,,Novak Djokovic,2013,ausopen,,,0,,0,0,0,0,4,,91,2,,0,143,0,0,2,,0,,2013-ausopen-1401,0,0,S,15,0,2:12:38,,,,0,,0,,,0,2,90,0,106,0,,11030,0,0,110,88,0,181,0,,1,,0,0,,
,,2013-ausopen-1401,,,,,,1401,Stanislas Wawrinka,,Novak Djokovic,2013,ausopen,,,0,,0,0,0,0,4,,92,1,,1,148,0,0,2,,0,,2013-ausopen-1401,0,0,,15,0,2:13:32,,,,0,,0,,,0,2,90,0,104,0,,21020,0,0,111,92,0,182,0,,1,,15,0,,
,,2013-ausopen-1401,,,,,,1401,Stanislas Wawrinka,,Novak Djokovic,2013,ausopen,,,0,,0,0,0,0,4,,92,2,,0,161,0,0,2,,0,,2013-ausopen-1401,0,0,,30,0,2:14:21,,,,0,,0,,,0,2,91,0,105,0,,12020,0,0,109,100,0,183,1,,1,,15,0,,
,,2013-ausopen-1401,,,,,,1401,Stanislas Wawrinka,,Novak Djokovic,2013,ausopen,,,0,,0,0,0,0,4,,92,2,,0,178,0,0,2,,0,,2013-ausopen-1401,0,0,,40,0,2:15:00,,,,0,,0,,,0,2,92,0,107,0,,11030,0,0,108,110,0,184,0,,1,,15,0,,
,,2013-ausopen-1401,,,,,,1401,Stanislas Wawrinka,,Novak Djokovic,2013,ausopen,,,0,,0,0,0,0,4,,93,1,,1,154,0,0,2,,0,,2013-ausopen-1401,0,0,,40,0,2:15:18,,,,0,,0,,,0,2,92,0,105,0,,22020,0,0,109,95,0,185,0,,1,,30,0,,
,,2013-ausopen-1401,,,,,,1401,Stanislas Wawrinka,,Novak Djokovic,2013,ausopen,,,0,,0,0,0,0,4,,94,1,,0,203,0,0,1,,0,,2013-ausopen-1401,0,0,,0,0,2:17:04,,,,0,,0,,,0,1,93,1,109,0,,22030,0,0,111,126,0,187,0,,2,,15,0,,
,,2013-ausopen-1401,,,,,,1401,Stanislas Wawrinka,,Novak Djokovic,2013,ausopen,,,0,,0,0,0,0,4,,95,1,,1,150,0,0,1,,0,,2013-ausopen-1401,0,0,,0,0,2:17:21,,,,0,,0,,,0,1,93,1,107,0,,21020,0,0,112,93,0,188,0,,2,,30,0,,
,,2013-ausopen-1401,,,,,,1401,Stanislas Wawrinka,,Novak Djokovic,2013,ausopen,,,0,,0,0,0,0,4,,96,2,,0,143,0,0,1,,0,,2013-ausopen-1401,0,0,,15,0,2:18:22,,,,0,,0,,,0,1,94,1,107,0,,11020,0,0,112,88,0,190,1,,2,,40,0,,
,,2013-ausopen-1401,,,,,,1401,Stanislas Wawrinka,,Novak Djokovic,2013,ausopen,,,0,,0,0,0,0,4,,96,2,,0,143,0,0,1,,0,,2013-ausopen-1401,0,0,,40,0,2:19:23,,,,0,,0,,,0,1,96,1,110,0,,12020,0,0,109,88,0,192,1,,2,,40,0,,
,,2013-ausopen-1401,,,,,,1401,Stanislas Wawrinka,,Novak Djokovic,2013,ausopen,,,0,,0,0,0,0,4,,96,2,,0,145,0,0,1,,0,,2013-ausopen-1401,0,0,,AD,0,2:20:08,,,,0,,0,,,0,1,97,1,111,0,,12020,0,0,107,90,0,193,1,,2,,40,0,,
,,2013-ausopen-1401,,,,,,1401,Stanislas Wawrinka,,Novak Djokovic,2013,ausopen,,,0,,0,0,0,0,4,,96,2,,0,199,0,0,1,,0,,2013-ausopen-1401,0,0,,30,0,2:18:52,,,,0,,0,,,0,1,95,1,109,0,,11030,0,0,111,123,0,191,0,,2,,40,0,,
,,2013-ausopen-1401,,,,,,1401,Stanislas Wawrinka,,Novak Djokovic,2013,ausopen,,,0,,0,0,0,0,4,,97,1,,1,135,0,1,1,,0,,2013-ausopen-1401,1,0,,40,0,2:21:01,,,,0,,0,,,0,1,97,1,109,1,,22020,0,0,108,83,0,194,0,,2,,40,0,,
,,2013-ausopen-1401,,,,,,1401,Stanislas Wawrinka,,Novak Djokovic,2013,ausopen,,,0,,0,0,0,0,4,,98,1,,0,177,0,0,1,,0,,2013-ausopen-1401,0,0,,40,0,2:22:32,,,,0,,0,,,0,1,97,1,108,0,,22030,0,0,110,110,0,195,0,,2,,AD,0,,
,,2013-ausopen-1401,,,,,,1401,Stanislas Wawrinka,,Novak Djokovic,2013,ausopen,,,0,,0,0,0,0,4,,99,2,,0,149,0,0,1,,0,,2013-ausopen-1401,0,0,,15,0,2:27:28,,,,0,,0,,,0,1,102,2,120,0,,12020,1,0,111,92,0,201,1,,4,,0,0,,
,,2013-ausopen-1401,,,,,,1401,Stanislas Wawrinka,,Novak Djokovic,2013,ausopen,,,0,,0,0,0,0,4,,99,2,,0,173,0,1,2,,0,,2013-ausopen-1401,0,1,,40,0,2:24:56,,,,0,,0,,,0,2,100,1,115,0,,12030,1,0,114,107,0,199,0,,3,,0,0,,
,,2013-ausopen-1401,,,,,,1401,Stanislas Wawrinka,,Novak Djokovic,2013,ausopen,,,0,,0,0,0,0,4,,99,2,,0,181,0,1,2,,0,,2013-ausopen-1401,0,1,S,15,0,2:23:49,,,,1,,0,,,0,2,98,1,111,0,,21510,1,0,116,112,0,197,0,,3,,0,0,,
,,2013-ausopen-1401,,,,,,1401,Stanislas Wawrinka,,Novak Djokovic,2013,ausopen,,,0,,0,0,0,0,4,,99,2,,0,188,0,1,2,,0,,2013-ausopen-1401,0,1,,30,0,2:24:22,,,,0,,0,,,0,2,99,1,113,0,,12030,1,0,115,116,0,198,0,,3,,0,0,,
,,2013-ausopen-1401,,,,,,1401,Stanislas Wawrinka,,Novak Djokovic,2013,ausopen,,,0,,0,0,0,0,4,,100,1,,1,141,0,0,1,,0,,2013-ausopen-1401,0,0,,15,0,2:28:14,,,,0,,0,,,0,1,102,2,118,0,,22020,1,0,112,87,0,202,0,,4,,15,0,,
,,2013-ausopen-1401,,,,,,1401,Stanislas Wawrinka,,Novak Djokovic,2013,ausopen,,,0,,0,0,0,0,4,,100,2,,0,185,0,0,1,,0,,2013-ausopen-1401,0,0,,30,0,2:28:47,,,,0,,0,,,0,1,103,2,119,0,,11020,1,0,110,115,0,203,1,,4,,15,0,,
,,2013-ausopen-1401,,,,,,1401,Stanislas Wawrinka,,Novak Djokovic,2013,ausopen,,,0,,0,0,0,0,4,,101,1,,0,195,0,0,1,,0,,2013-ausopen-1401,0,0,,30,0,2:29:45,,,,0,,0,,,1,1,103,2,119,0,,11010,1,0,113,121,0,204,0,,4,,30,0,,
,,2013-ausopen-1401,,,,,,1401,Stanislas Wawrinka,,Novak Djokovic,2013,ausopen,,,0,,0,0,0,0,4,,101,2,,0,169,0,0,1,,0,,2013-ausopen-1401,0,0,,40,0,2:30:36,,,,0,,0,,,0,1,104,2,120,0,,11020,1,1,111,105,0,205,1,,4,,30,0,,
,,2013-ausopen-1401,,,,,,1401,Stanislas Wawrinka,,Novak Djokovic,2013,ausopen,,,0,,0,0,0,0,4,,102,1,,1,147,0,0,1,,0,,2013-ausopen-1401,1,0,,40,0,2:31:11,,,,0,,0,,,0,1,104,2,118,1,,21020,1,0,112,91,0,206,0,,4,,40,0,,
,,2013-ausopen-1401,,,,,,1401,Stanislas Wawrinka,,Novak Djokovic,2013,ausopen,,,0,,0,0,0,0,4,,103,1,,0,168,0,0,1,,0,,2013-ausopen-1401,0,0,,40,0,2:32:10,,,,0,,0,,,0,1,104,2,117,0,,21030,1,0,114,104,0,207,0,,4,,AD,0,,
,,2013-ausopen-1401,,,,,,1401,Stanislas Wawrinka,,Novak Djokovic,2013,ausopen,,,0,,0,0,0,0,4,,105,1,,0,208,0,1,2,,0,,2013-ausopen-1401,0,0,,0,0,2:33:30,,,,0,,0,,,1,2,104,2,116,0,,11010,2,0,121,129,0,209,0,,5,,15,0,,
,,2013-ausopen-1401,,,,,,1401,Stanislas Wawrinka,,Novak Djokovic,2013,ausopen,,,0,,0,0,0,0,4,,105,2,,0,201,0,1,2,,0,,2013-ausopen-1401,0,1,,15,0,2:33:58,,,,1,,0,,,0,2,105,2,119,0,,21410,2,0,121,124,0,210,0,,5,,15,0,,
,,2013-ausopen-1401,,,,,,1401,Stanislas Wawrinka,,Novak Djokovic,2013,ausopen,,,0,,0,0,0,0,4,,105,2,,0,206,0,0,2,,0,,2013-ausopen-1401,0,0,,40,0,2:34:54,,,,0,,0,,,0,2,107,2,125,0,,11030,2,0,120,128,0,212,0,,5,,15,0,,
,,2013-ausopen-1401,,,,,,1401,Stanislas Wawrinka,,Novak Djokovic,2013,ausopen,,,0,,0,0,0,0,4,,106,1,,1,150,0,0,2,,0,,2013-ausopen-1401,0,0,,40,0,2:35:29,,,,0,,0,,S,0,2,107,2,123,0,,22020,2,0,121,93,0,213,0,,5,,30,0,,
,,2013-ausopen-1401,,,,,,1401,Stanislas Wawrinka,,Novak Djokovic,2013,ausopen,,,0,,0,0,0,0,4,,107,1,,0,186,0,0,1,,0,,2013-ausopen-1401,0,0,,0,0,2:37:58,,,,0,,0,,,0,1,108,3,127,0,,21030,2,0,123,115,0,215,0,,6,,15,0,,
,,2013-ausopen-1401,,,,,,1401,Stanislas Wawrinka,,Novak Djokovic,2013,ausopen,,,0,,0,0,0,0,4,,108,1,,1,199,0,0,1,,0,,2013-ausopen-1401,0,0,,0,0,2:38:17,,,,0,,0,,,0,1,108,3,125,0,,22020,2,0,124,123,0,216,0,,6,,30,0,,
,,2013-ausopen-1401,,,,,,1401,Stanislas Wawrinka,,Novak Djokovic,2013,ausopen,,,0,,0,0,0,0,4,,109,1,,0,203,0,0,1,,0,,2013-ausopen-1401,0,0,,0,0,2:38:46,,,,0,,0,,,0,1,108,3,124,0,,22030,2,0,126,126,0,217,0,,6,,40,0,,
,,2013-ausopen-1401,,,,,,1401,Stanislas Wawrinka,,Novak Djokovic,2013,ausopen,,,0,,0,0,0,0,4,,110,2,,0,189,0,1,2,,0,,2013-ausopen-1401,0,1,,15,0,2:39:58,,,,1,,0,,,0,2,109,3,127,0,,21010,3,0,131,117,0,219,0,,7,,0,0,,
,,2013-ausopen-1401,,,,,,1401,Stanislas Wawrinka,,Novak Djokovic,2013,ausopen,,,0,,0,0,0,0,4,,112,1,,1,168,0,0,2,,0,,2013-ausopen-1401,0,0,,15,0,2:41:06,,,,0,,0,,,0,2,109,3,125,0,,22020,3,0,135,104,0,221,0,,7,,30,0,,
,,2013-ausopen-1401,,,,,,1401,Stanislas Wawrinka,,Novak Djokovic,2013,ausopen,,,0,,0,0,0,0,4,,112,2,,0,153,0,0,2,,0,,2013-ausopen-1401,0,0,,40,0,2:42:24,,,,0,,0,,,0,2,111,3,131,0,,11030,3,0,134,95,0,223,0,,7,,30,0,,
,,2013-ausopen-1401,,,,,,1401,Stanislas Wawrinka,,Novak Djokovic,2013,ausopen,,,0,,0,0,0,0,4,,113,1,,0,194,0,0,2,,0,,2013-ausopen-1401,0,0,,40,0,2:43:02,,,,0,,0,,,1,2,111,3,131,0,,11010,3,0,137,120,0,224,0,,7,,40,0,,
,,2013-ausopen-1401,,,,,,1401,Stanislas Wawrinka,,Novak Djokovic,2013,ausopen,,,0,,0,0,0,0,4,,114,1,,0,201,0,0,1,,0,,2013-ausopen-1401,0,0,,0,0,2:45:55,,,,0,,0,,S,0,1,113,4,140,0,,22030,3,0,139,124,0,227,0,,8,,15,0,,
,,2013-ausopen-1401,,,,,,1401,Stanislas Wawrinka,,Novak Djokovic,2013,ausopen,,,0,,0,0,0,0,4,,115,1,,1,190,0,0,1,,0,,2013-ausopen-1401,0,0,,0,0,2:46:24,,,,0,,0,,,0,1,113,4,138,0,,22020,3,0,140,118,0,228,0,,8,,30,0,,
,,2013-ausopen-1401,,,,,,1401,Stanislas Wawrinka,,Novak Djokovic,2013,ausopen,,,0,,0,0,0,0,4,,115,2,,0,161,0,0,1,,0,,2013-ausopen-1401,0,0,,15,0,2:46:51,,,,1,,0,,,0,1,114,4,141,0,,21010,3,1,140,100,0,229,0,,8,,30,0,,
,,2013-ausopen-1401,,,,,,1401,Stanislas Wawrinka,,Novak Djokovic,2013,ausopen,,,0,,0,0,0,0,4,,116,1,,1,132,0,0,1,,0,,2013-ausopen-1401,0,0,,15,0,2:47:48,,,,0,,0,,,0,1,114,4,139,0,,22020,3,0,141,82,0,230,0,,8,,40,0,,
,,2013-ausopen-1401,,,,,,1401,Stanislas Wawrinka,,Novak Djokovic,2013,ausopen,,,0,,0,0,0,0,4,,116,2,,0,135,0,0,1,,0,,2013-ausopen-1401,0,0,,40,0,2:49:10,,,,1,,0,,,0,1,116,4,145,0,,22010,3,0,141,83,0,232,0,,8,,40,0,,
,,2013-ausopen-1401,,,,,,1401,Stanislas Wawrinka,,Novak Djokovic,2013,ausopen,,,0,,0,0,0,0,4,,116,2,,0,167,0,0,1,,0,,2013-ausopen-1401,0,0,,30,0,2:48:27,,,,1,,0,,,0,1,115,4,142,0,,22010,3,0,141,103,0,231,0,,8,,40,0,,
,,2013-ausopen-1401,,,,,,1401,Stanislas Wawrinka,,Novak Djokovic,2013,ausopen,,,0,,0,0,0,0,4,,117,1,,1,203,0,0,1,,0,,2013-ausopen-1401,0,0,,40,0,2:50:16,,,,0,,0,,,0,1,116,4,143,0,,21020,3,0,142,126,0,233,0,,8,,AD,0,,
,,2013-ausopen-1401,,,,,,1401,Stanislas Wawrinka,,Novak Djokovic,2013,ausopen,,,0,,0,0,0,0,4,,118,2,,0,154,0,1,2,,0,,2013-ausopen-1401,0,1,,15,0,2:51:38,,,,1,,0,,,0,2,117,4,145,0,,21410,4,0,146,95,0,235,0,,9,,0,0,,
,,2013-ausopen-1401,,,,,,1401,Stanislas Wawrinka,,Novak Djokovic,2013,ausopen,,,0,,0,0,0,0,4,,118,2,,0,189,0,0,2,,0,,2013-ausopen-1401,0,0,,30,0,2:52:33,,,,1,,0,,,0,2,118,4,148,0,,22010,4,0,146,117,0,236,0,,9,,0,0,,
,,2013-ausopen-1401,,,,,,1401,Stanislas Wawrinka,,Novak Djokovic,2013,ausopen,,,0,,0,0,0,0,4,,119,1,,1,184,0,1,2,,0,,2013-ausopen-1401,0,0,,30,0,2:53:15,,,,0,,0,,,0,2,118,4,146,0,,21020,4,0,147,114,0,237,0,,9,,15,0,,
,,2013-ausopen-1401,,,,,,1401,Stanislas Wawrinka,,Novak Djokovic,2013,ausopen,,,0,,0,0,0,0,4,,119,2,,0,197,0,0,2,,0,,2013-ausopen-1401,0,0,,40,0,2:53:44,,,,0,,0,,,0,2,119,4,147,0,,11020,4,0,145,122,0,238,1,,9,,15,0,,
,,2013-ausopen-1401,,,,,,1401,Stanislas Wawrinka,,Novak Djokovic,2013,ausopen,,,0,,0,0,0,0,4,,120,1,,1,217,0,0,2,,0,,2013-ausopen-1401,0,0,,40,0,2:54:10,,,,0,,0,,,0,2,119,4,145,0,,21020,4,0,146,134,0,239,0,,9,,30,0,,
,,2013-ausopen-1401,,,,,,1401,Stanislas Wawrinka,,Novak Djokovic,2013,ausopen,,,0,,0,0,0,0,4,,121,1,,0,198,0,0,1,,0,,2013-ausopen-1401,0,0,,0,0,2:59:30,,,,0,,0,,,0,1,120,5,147,0,,21030,4,0,146,123,0,241,0,,10,,15,0,,
,,2013-ausopen-1401,,,,,,1401,Stanislas Wawrinka,,Novak Djokovic,2013,ausopen,,,0,,0,0,0,0,4,,122,1,,1,196,0,0,1,,0,,2013-ausopen-1401,0,0,,0,0,3:00:04,,,,0,,0,,,0,1,120,5,145,0,,21020,4,0,147,121,0,242,0,,10,,30,0,,
,,2013-ausopen-1401,,,,,,1401,Stanislas Wawrinka,,Novak Djokovic,2013,ausopen,,,0,,0,0,0,0,4,,123,1,,1,197,0,0,1,,0,,2013-ausopen-1401,0,0,,0,0,3:00:39,,,,0,,0,,,0,1,120,5,143,0,,22020,4,0,148,122,0,243,0,,10,,40,0,,
,,2013-ausopen-1401,,,,,,1401,Stanislas Wawrinka,,Novak Djokovic,2013,ausopen,,,0,,0,0,0,0,4,,124,2,,0,154,0,1,2,,0,,2013-ausopen-1401,0,1,,40,0,3:03:23,,,,1,,0,,,0,2,123,5,150,0,,21410,5,0,151,95,0,247,0,,11,,0,0,,
,,2013-ausopen-1401,,,,,,1401,Stanislas Wawrinka,,Novak Djokovic,2013,ausopen,,,0,,0,0,0,0,4,,124,2,,0,193,0,0,2,,0,,2013-ausopen-1401,0,0,,30,0,3:02:46,,,,0,,0,,,0,2,122,5,147,0,,11020,5,0,151,120,0,246,1,,11,,0,0,,
,,2013-ausopen-1401,,,,,,1401,Stanislas Wawrinka,,Novak Djokovic,2013,ausopen,,,0,,0,0,0,0,4,,124,2,,0,220,0,0,2,,0,,2013-ausopen-1401,0,0,,15,0,3:02:10,,,,1,,0,,,0,2,121,5,146,0,,24000,5,0,153,136,0,245,0,,11,,0,0,,
,,2013-ausopen-1401,,,,,,1401,Stanislas Wawrinka,,Novak Djokovic,2013,ausopen,,,0,,0,0,0,0,4,,125,1,,0,204,0,0,1,,0,,2013-ausopen-1401,0,0,,0,0,3:06:42,,,,0,,0,,S,0,1,124,6,155,0,,22030,5,0,153,126,0,249,0,,12,,15,0,,
,,2013-ausopen-1401,,,,,,1401,Stanislas Wawrinka,,Novak Djokovic,2013,ausopen,,,0,,0,0,0,0,4,,126,1,,0,195,0,1,1,,0,,2013-ausopen-1401,0,0,,0,0,3:07:02,,,,0,,0,,,1,1,124,6,155,0,,11010,5,0,156,121,0,250,0,,12,,30,0,,
,,2013-ausopen-1401,,,,,,1401,Stanislas Wawrinka,,Novak Djokovic,2013,ausopen,,,0,,0,0,0,0,4,,127,1,,0,202,0,0,1,,0,,2013-ausopen-1401,0,0,,0,0,3:07:38,,,,0,,0,,,0,1,124,6,154,0,,22030,5,0,158,125,0,251,0,,12,,40,0,,
,,2013-ausopen-1401,,,,,,1401,Stanislas Wawrinka,,Novak Djokovic,2013,ausopen,,,0,,0,0,0,0,4,,128,2,,0,153,0,0,1,,0,,2013-ausopen-1401,0,0,,2,0,3:09:42,,,,1,,0,,,0,1,126,6,158,0,,22010,6,0,161,95,0,254,0,,13,,0,0,,
,,2013-ausopen-1401,,,,,,1401,Stanislas Wawrinka,,Novak Djokovic,2013,ausopen,,,0,,0,0,0,0,4,,128,2,,0,158,0,0,1,,0,,2013-ausopen-1401,0,0,S,1,0,3:08:37,,,,0,,0,,,0,2,125,6,155,0,,12020,6,0,161,98,0,253,1,,13,,0,0,,
,,2013-ausopen-1401,,,,,,1401,Stanislas Wawrinka,,Novak Djokovic,2013,ausopen,,,0,,0,0,0,0,4,,128,2,,0,176,0,0,2,,0,,2013-ausopen-1401,0,0,,3,0,3:10:33,,,,0,,0,,,0,1,127,6,159,0,,11020,6,0,159,109,0,255,1,,13,,0,0,,
,,2013-ausopen-1401,,,,,,1401,Stanislas Wawrinka,,Novak Djokovic,2013,ausopen,,,0,,0,0,0,0,4,,129,1,,1,208,0,1,2,,0,,2013-ausopen-1401,0,0,,3,0,3:11:14,,,,0,,0,,,0,2,127,6,157,0,,21020,6,0,160,129,0,256,0,,13,,1,0,,
,,2013-ausopen-1401,,,,,,1401,Stanislas Wawrinka,,Novak Djokovic,2013,ausopen,,,0,,0,0,0,0,4,,129,2,,0,154,0,0,1,,0,,2013-ausopen-1401,0,0,,4,0,3:11:44,,,,0,,0,,,0,2,128,6,158,0,,11020,6,0,158,95,0,257,1,,13,,1,0,,
,,2013-ausopen-1401,,,,,,1401,Stanislas Wawrinka,,Novak Djokovic,2013,ausopen,,,0,,0,0,0,0,4,,130,1,,1,194,0,0,1,,0,,2013-ausopen-1401,0,0,,4,0,3:12:34,,,,0,,0,,,0,1,128,6,156,0,,22020,6,0,159,120,0,258,0,,13,,2,0,,
,,2013-ausopen-1401,,,,,,1401,Stanislas Wawrinka,,Novak Djokovic,2013,ausopen,,,0,,0,0,0,0,4,,131,1,,0,202,0,0,2,,0,,2013-ausopen-1401,0,0,,4,0,3:13:47,,,,0,,0,,,1,1,128,6,156,0,,12010,6,0,162,125,0,259,0,,13,,3,0,,
,,2013-ausopen-1401,,,,,,1401,Stanislas Wawrinka,,Novak Djokovic,2013,ausopen,,,0,,0,0,0,0,4,,131,2,,0,164,0,0,1,,0,,2013-ausopen-1401,0,0,,6,0,3:15:39,,,,0,,0,,,0,2,130,6,159,0,,11020,6,0,159,101,0,261,1,,13,,3,0,,
,,2013-ausopen-1401,,,,,,1401,Stanislas Wawrinka,,Novak Djokovic,2013,ausopen,,,0,,0,0,0,0,4,,131,2,,0,205,0,1,2,,0,,2013-ausopen-1401,0,1,,5,0,3:15:00,,,,0,,0,,,0,2,129,6,158,0,,12030,6,0,161,127,0,260,0,,13,,3,0,,
,,2013-ausopen-1401,,,,,,1401,Stanislas Wawrinka,,Novak Djokovic,2013,ausopen,,,0,,0,0,0,0,5,,134,1,,0,151,0,0,1,,0,,2013-ausopen-1401,0,0,,0,0,3:21:23,,,,0,,0,,,1,1,131,0,166,0,,12010,0,0,164,93,0,265,0,,1,,15,0,,
,,2013-ausopen-1401,,,,,,1401,Stanislas Wawrinka,,Novak Djokovic,2013,ausopen,,,0,,0,0,0,0,5,,134,2,,0,167,0,0,1,,0,,2013-ausopen-1401,0,0,,40,0,3:23:17,,,,0,,0,,,0,1,134,0,170,0,,11020,0,0,159,103,0,268,1,,1,,15,0,,
,,2013-ausopen-1401,,,,,,1401,Stanislas Wawrinka,,Novak Djokovic,2013,ausopen,,,0,,0,0,0,0,5,,134,2,,0,178,0,0,1,,0,,2013-ausopen-1401,0,0,,30,0,3:22:40,,,,0,,0,,S,0,1,133,0,169,0,,12030,0,0,161,110,0,267,0,,1,,15,0,,
,,2013-ausopen-1401,,,,,,1401,Stanislas Wawrinka,,Novak Djokovic,2013,ausopen,,,0,,0,0,0,0,5,,134,2,,0,191,0,0,1,,0,,2013-ausopen-1401,0,0,,15,0,3:22:12,,,,0,,0,,,0,1,132,0,167,0,,12020,0,0,162,118,0,266,1,,1,,15,0,,
,,2013-ausopen-1401,,,,,,1401,Stanislas Wawrinka,,Novak Djokovic,2013,ausopen,,,0,,0,0,0,0,5,,135,1,,1,178,0,0,1,,0,,2013-ausopen-1401,1,0,,40,0,3:23:59,,,,0,,0,,,0,1,134,0,168,1,,21020,0,0,160,110,0,269,0,,1,,30,0,,
,,2013-ausopen-1401,,,,,,1401,Stanislas Wawrinka,,Novak Djokovic,2013,ausopen,,,0,,0,0,0,0,5,,136,1,,1,156,0,0,2,,0,,2013-ausopen-1401,0,0,,0,0,3:25:45,,,,0,,0,,,0,2,135,1,174,0,,21020,0,0,159,97,0,271,0,,2,,15,0,,
,,2013-ausopen-1401,,,,,,1401,Stanislas Wawrinka,,Novak Djokovic,2013,ausopen,,,0,,0,0,0,0,5,,136,2,,0,151,0,0,2,,0,,2013-ausopen-1401,0,0,,15,0,3:26:23,,,,1,,0,,,0,2,136,1,177,0,,21010,0,0,159,93,0,272,0,,2,,15,0,,
,,2013-ausopen-1401,,,,,,1401,Stanislas Wawrinka,,Novak Djokovic,2013,ausopen,,,0,,0,0,0,0,5,,136,2,,0,157,0,0,2,,0,,2013-ausopen-1401,0,0,,30,0,3:26:58,,,,0,,0,,,0,2,137,1,178,0,,12020,0,0,157,97,0,273,1,,2,,15,0,,
,,2013-ausopen-1401,,,,,,1401,Stanislas Wawrinka,,Novak Djokovic,2013,ausopen,,,0,,0,0,0,0,5,,137,1,,0,152,0,1,2,,0,,2013-ausopen-1401,0,0,,30,0,3:28:08,,,,0,,0,,,0,2,137,1,177,0,,21430,0,0,159,94,0,274,0,,2,,30,0,,
,,2013-ausopen-1401,,,,,,1401,Stanislas Wawrinka,,Novak Djokovic,2013,ausopen,,,0,,0,0,0,0,5,,138,1,,1,187,0,0,2,,0,,2013-ausopen-1401,0,0,,30,0,3:28:50,,,,0,,0,,,0,2,137,1,175,0,,22020,0,0,160,116,0,275,0,,2,,40,0,,
,,2013-ausopen-1401,,,,,,1401,Stanislas Wawrinka,,Novak Djokovic,2013,ausopen,,,0,,0,0,0,0,5,,138,2,,0,169,0,0,2,,0,,2013-ausopen-1401,0,0,,AD,0,3:30:00,,,,0,,0,,,0,2,139,1,180,0,,12030,0,0,159,105,0,277,0,,2,,40,0,,
,,2013-ausopen-1401,,,,,,1401,Stanislas Wawrinka,,Novak Djokovic,2013,ausopen,,,0,,0,0,0,0,5,,138,2,,0,200,0,1,2,,0,,2013-ausopen-1401,0,1,,40,0,3:29:24,,,,1,,0,,,0,2,138,1,178,0,,21510,0,0,160,124,1,276,0,,2,,40,1,,
,,2013-ausopen-1401,,,,,,1401,Stanislas Wawrinka,,Novak Djokovic,2013,ausopen,,,0,,0,0,0,0,5,,139,1,,1,207,0,0,2,,0,,2013-ausopen-1401,0,0,,40,0,3:30:36,,,,0,,0,,,0,2,139,1,178,0,,22020,0,0,160,128,0,278,0,,2,,40,0,,
,,2013-ausopen-1401,,,,,,1401,Stanislas Wawrinka,,Novak Djokovic,2013,ausopen,,,0,,0,0,0,0,5,,139,2,,0,183,0,1,2,,0,,2013-ausopen-1401,0,1,,AD,0,3:31:06,,,,0,,0,,,0,2,140,1,180,0,,12030,0,0,159,113,0,279,0,,2,,40,0,,
,,2013-ausopen-1401,,,,,,1401,Stanislas Wawrinka,,Novak Djokovic,2013,ausopen,,,0,,0,0,0,0,5,,140,1,,1,193,0,0,2,,0,,2013-ausopen-1401,0,0,,40,0,3:31:39,,,,0,,0,,,0,2,140,1,178,0,,22020,0,0,160,120,0,280,0,,2,,40,0,,
,,2013-ausopen-1401,,,,,,1401,Stanislas Wawrinka,,Novak Djokovic,2013,ausopen,,,0,,0,0,0,0,5,,141,1,,1,187,0,0,2,,0,,2013-ausopen-1401,0,0,,40,0,3:32:36,,,,0,,0,,,0,2,140,1,176,0,,21020,0,0,161,116,0,281,0,,2,,AD,0,,
,,2013-ausopen-1401,,,,,,1401,Stanislas Wawrinka,,Novak Djokovic,2013,ausopen,,,0,,0,0,0,0,5,,143,1,,0,145,0,0,1,,0,,2013-ausopen-1401,0,0,,0,0,3:34:23,,,,0,,0,,,0,1,140,1,173,0,,21030,1,0,170,90,0,283,0,,3,,15,0,,
,,2013-ausopen-1401,,,,,,1401,Stanislas Wawrinka,,Novak Djokovic,2013,ausopen,,,0,,0,0,0,0,5,,143,2,,0,127,0,0,1,,0,,2013-ausopen-1401,0,0,,40,0,3:36:48,,,,0,,0,,,0,1,143,1,179,0,,11030,1,0,167,78,0,286,0,,3,,15,0,,
,,2013-ausopen-1401,,,,,,1401,Stanislas Wawrinka,,Novak Djokovic,2013,ausopen,,,0,,0,0,0,0,5,,143,2,,0,162,0,0,1,,0,,2013-ausopen-1401,0,0,S,15,0,3:35:17,,,,0,,0,,,0,1,141,1,174,0,,12020,1,0,168,100,0,284,1,,3,,15,0,,
,,2013-ausopen-1401,,,,,,1401,Stanislas Wawrinka,,Novak Djokovic,2013,ausopen,,,0,,0,0,0,0,5,,143,2,,0,195,0,1,1,,0,,2013-ausopen-1401,0,1,,30,0,3:35:58,,,,1,,0,,,0,1,142,1,177,0,,21010,1,0,168,121,0,285,0,,3,,15,0,,
,,2013-ausopen-1401,,,,,,1401,Stanislas Wawrinka,,Novak Djokovic,2013,ausopen,,,0,,0,0,0,0,5,,144,1,,1,146,0,0,1,,0,,2013-ausopen-1401,1,0,,40,0,3:37:33,,,,0,,0,,,0,1,143,1,177,1,,22020,1,0,168,90,0,287,0,,3,,30,0,,
,,2013-ausopen-1401,,,,,,1401,Stanislas Wawrinka,,Novak Djokovic,2013,ausopen,,,0,,0,0,0,0,5,,145,1,,0,186,0,0,1,,0,,2013-ausopen-1401,1,0,,40,0,3:38:14,,,,0,,0,,,0,1,143,1,176,1,,21030,1,0,170,115,0,288,0,,3,,40,0,,
,,2013-ausopen-1401,,,,,,1401,Stanislas Wawrinka,,Novak Djokovic,2013,ausopen,,,0,,0,0,0,0,5,,146,1,,0,177,0,0,1,,0,,2013-ausopen-1401,0,0,,40,0,3:38:40,,,,0,,0,,,1,1,143,1,176,0,,11510,1,0,173,110,0,289,0,,3,,AD,0,,
,,2013-ausopen-1401,,,,,,1401,Stanislas Wawrinka,,Novak Djokovic,2013,ausopen,,,0,,0,0,0,0,5,,147,2,,0,157,0,1,2,,0,,2013-ausopen-1401,0,1,S,15,0,3:40:55,,,,1,,0,,,0,2,144,1,179,0,,21010,2,0,178,97,0,291,0,,4,,0,0,,
,,2013-ausopen-1401,,,,,,1401,Stanislas Wawrinka,,Novak Djokovic,2013,ausopen,,,0,,0,0,0,0,5,,147,2,,0,183,0,0,2,,0,,2013-ausopen-1401,0,0,,30,0,3:41:28,,,,1,,0,,,0,2,145,1,182,0,,24000,2,0,178,113,0,292,0,,4,,0,0,,
,,2013-ausopen-1401,,,,,,1401,Stanislas Wawrinka,,Novak Djokovic,2013,ausopen,,,0,,0,0,0,0,5,,149,1,,1,161,0,0,1,,0,,2013-ausopen-1401,0,0,,0,0,3:43:28,,,,0,,0,,,0,1,147,2,187,0,,22020,2,0,180,100,0,296,0,,5,,30,0,,
,,2013-ausopen-1401,,,,,,1401,Stanislas Wawrinka,,Novak Djokovic,2013,ausopen,,,0,,0,0,0,0,5,,150,2,,0,181,0,0,1,,0,,2013-ausopen-1401,0,0,,15,0,3:44:27,,,,0,,0,,,0,1,148,2,188,0,,11020,2,0,181,112,0,298,1,,5,,40,0,,
,,2013-ausopen-1401,,,,,,1401,Stanislas Wawrinka,,Novak Djokovic,2013,ausopen,,,0,,0,0,0,0,5,,150,2,,0,183,0,0,1,,0,,2013-ausopen-1401,0,0,,30,0,3:44:50,,,,0,,0,,,0,1,149,2,189,0,,11020,2,0,179,113,0,299,1,,5,,40,0,,
,,2013-ausopen-1401,,,,,,1401,Stanislas Wawrinka,,Novak Djokovic,2013,ausopen,,,0,,0,0,0,0,5,,151,2,,0,188,0,0,2,,0,,2013-ausopen-1401,0,0,,15,0,3:47:27,,,,0,,0,,,0,2,150,2,190,0,,11030,3,0,182,116,0,301,0,,6,,0,0,,
,,2013-ausopen-1401,,,,,,1401,Stanislas Wawrinka,,Novak Djokovic,2013,ausopen,,,0,,0,0,0,0,5,,152,1,,1,158,0,0,2,,0,,2013-ausopen-1401,0,0,,15,0,3:47:49,,,,0,,0,,,0,2,150,2,188,0,,22020,3,0,183,98,0,302,0,,6,,15,0,,
,,2013-ausopen-1401,,,,,,1401,Stanislas Wawrinka,,Novak Djokovic,2013,ausopen,,,0,,0,0,0,0,5,,153,1,,0,190,0,1,2,,0,,2013-ausopen-1401,0,0,,15,0,3:48:22,,,,0,,0,,,0,2,150,2,187,0,,22430,3,0,185,118,0,303,0,,6,,30,0,,
,,2013-ausopen-1401,,,,,,1401,Stanislas Wawrinka,,Novak Djokovic,2013,ausopen,,,0,,0,0,0,0,5,,153,2,,0,0,0,0,2,,0,,2013-ausopen-1401,0,0,,40,0,3:49:39,,,,0,,0,,,0,2,152,2,189,0,,11020,3,0,181,0,0,305,1,,6,,30,0,,
,,2013-ausopen-1401,,,,,,1401,Stanislas Wawrinka,,Novak Djokovic,2013,ausopen,,,0,,0,0,0,0,5,,153,2,,0,151,0,0,2,,0,,2013-ausopen-1401,0,0,,30,0,3:48:54,,,,0,,0,,,0,2,151,2,188,0,,11020,3,0,183,93,0,304,1,,6,,30,0,,
,,2013-ausopen-1401,,,,,,1401,Stanislas Wawrinka,,Novak Djokovic,2013,ausopen,,,0,,0,0,0,0,5,,154,1,,0,193,0,0,2,,0,,2013-ausopen-1401,0,0,,40,0,3:50:39,,,,0,,0,,,0,2,152,2,188,0,,21030,3,0,183,120,0,306,0,,6,,40,0,,
,,2013-ausopen-1401,,,,,,1401,Stanislas Wawrinka,,Novak Djokovic,2013,ausopen,,,0,,0,0,0,0,5,,154,2,,0,147,0,0,2,,0,,2013-ausopen-1401,0,0,,AD,0,3:51:10,,,,0,,0,,,0,2,153,2,189,0,,12020,3,0,181,91,0,307,1,,6,,40,0,,
,,2013-ausopen-1401,,,,,,1401,Stanislas Wawrinka,,Novak Djokovic,2013,ausopen,,,0,,0,0,0,0,5,,156,1,,0,165,0,0,1,,0,,2013-ausopen-1401,0,0,,0,0,3:53:31,,,,0,,0,,,0,1,154,3,192,0,,21030,3,0,185,102,0,310,0,,7,,30,0,,
,,2013-ausopen-1401,,,,,,1401,Stanislas Wawrinka,,Novak Djokovic,2013,ausopen,,,0,,0,0,0,0,5,,158,2,,0,189,0,1,2,,0,,2013-ausopen-1401,0,1,,15,0,3:56:26,,,,0,,0,,,0,2,155,3,193,0,,12030,4,0,191,117,0,313,0,,8,,0,0,,
,,2013-ausopen-1401,,,,,,1401,Stanislas Wawrinka,,Novak Djokovic,2013,ausopen,,,0,,0,0,0,0,5,,159,1,,1,161,0,0,2,,0,,2013-ausopen-1401,0,0,,15,0,3:56:51,,,,0,,0,,,0,2,155,3,191,0,,22020,4,0,192,100,0,314,0,,8,,15,0,,
,,2013-ausopen-1401,,,,,,1401,Stanislas Wawrinka,,Novak Djokovic,2013,ausopen,,,0,,0,0,0,0,5,,159,2,,0,195,0,0,2,,0,,2013-ausopen-1401,0,0,,30,0,3:58:04,,,,0,,0,,,0,2,156,3,193,0,,11030,4,0,191,121,0,315,0,,8,,15,0,,
,,2013-ausopen-1401,,,,,,1401,Stanislas Wawrinka,,Novak Djokovic,2013,ausopen,,,0,,0,0,0,0,5,,160,1,,1,187,0,0,2,,0,,2013-ausopen-1401,0,0,,30,0,3:58:23,,,,0,,0,,,0,2,156,3,191,0,,21020,4,0,192,116,0,316,0,,8,,30,0,,
,,2013-ausopen-1401,,,,,,1401,Stanislas Wawrinka,,Novak Djokovic,2013,ausopen,,,0,,0,0,0,0,5,,160,2,,0,208,0,0,2,,0,,2013-ausopen-1401,0,0,,40,0,3:58:53,,,,0,,0,,,0,2,157,3,193,0,,12030,4,0,191,129,0,317,0,,8,,30,0,,
,,2013-ausopen-1401,,,,,,1401,Stanislas Wawrinka,,Novak Djokovic,2013,ausopen,,,0,,0,0,0,0,5,,161,1,,1,190,0,0,2,,0,,2013-ausopen-1401,0,0,,40,0,3:59:16,,,,0,,0,,,0,2,157,3,191,0,,21020,4,0,192,118,0,318,0,,8,,40,0,,
,,2013-ausopen-1401,,,,,,1401,Stanislas Wawrinka,,Novak Djokovic,2013,ausopen,,,0,,0,0,0,0,5,,162,1,,1,0,0,0,2,,0,,2013-ausopen-1401,0,0,,40,1,4:00:01,,,,0,,0,,,0,2,157,3,187,0,,25000,4,0,193,0,0,319,0,,8,,AD,0,,
,,2013-ausopen-1401,,,,,,1401,Stanislas Wawrinka,,Novak Djokovic,2013,ausopen,,,0,,0,0,0,0,5,,162,2,,0,176,0,0,2,,0,,2013-ausopen-1401,0,0,,40,0,4:00:39,,,,0,,0,,,0,2,158,3,188,0,,11020,4,0,191,109,1,320,1,,8,,40,1,,
,,2013-ausopen-1401,,,,,,1401,Stanislas Wawrinka,,Novak Djokovic,2013,ausopen,,,0,,0,0,0,0,5,,162,2,,0,192,0,0,2,,0,,2013-ausopen-1401,0,0,,AD,0,4:01:19,,,,0,,0,,,0,2,159,3,190,0,,11030,4,0,190,119,0,321,0,,8,,40,0,,
,,2013-ausopen-1401,,,,,,1401,Stanislas Wawrinka,,Novak Djokovic,2013,ausopen,,,0,,0,0,0,0,5,,163,2,,0,180,0,0,1,,0,,2013-ausopen-1401,0,0,,30,0,4:03:36,,,,0,,0,,,0,1,162,4,197,0,,12030,4,0,189,111,0,325,0,,9,,15,0,,
,,2013-ausopen-1401,,,,,,1401,Stanislas Wawrinka,,Novak Djokovic,2013,ausopen,,,0,,0,0,0,0,5,,163,2,,0,188,0,0,1,,0,,2013-ausopen-1401,0,0,,15,0,4:02:59,,,,0,,0,,,0,1,161,4,195,0,,11020,4,0,190,116,0,324,1,,9,,15,0,,
,,2013-ausopen-1401,,,,,,1401,Stanislas Wawrinka,,Novak Djokovic,2013,ausopen,,,0,,0,0,0,0,5,,163,2,,0,198,0,0,1,,0,,2013-ausopen-1401,0,0,,40,0,4:04:12,,,,0,,0,,,0,1,163,4,198,0,,11420,4,1,187,123,0,326,1,,9,,15,0,,
,,2013-ausopen-1401,,,,,,1401,Stanislas Wawrinka,,Novak Djokovic,2013,ausopen,,,0,,0,0,0,0,5,,164,1,,0,142,0,0,1,,0,,2013-ausopen-1401,1,0,,40,0,4:05:01,,,,0,,0,,,0,1,163,4,197,1,,21030,4,0,189,88,0,327,0,,9,,30,0,,
,,2013-ausopen-1401,,,,,,1401,Stanislas Wawrinka,,Novak Djokovic,2013,ausopen,,,0,,0,0,0,0,5,,165,1,,1,139,0,0,1,,0,,2013-ausopen-1401,1,0,,40,0,4:05:58,,,,0,,0,,,0,1,163,4,195,1,,22020,4,0,190,86,0,328,0,,9,,40,0,,
,,2013-ausopen-1401,,,,,,1401,Stanislas Wawrinka,,Novak Djokovic,2013,ausopen,,,0,,0,0,0,0,5,,165,2,,0,140,0,0,1,,0,,2013-ausopen-1401,0,0,,AD,0,4:06:46,,,,0,,0,,,0,1,164,4,196,0,,12020,4,0,188,87,0,329,1,,9,,40,0,,
,,2013-ausopen-1401,,,,,,1401,Stanislas Wawrinka,,Novak Djokovic,2013,ausopen,,,0,,0,0,0,0,5,,166,1,,1,197,0,0,1,,0,,2013-ausopen-1401,1,0,,40,0,4:07:33,,,,0,,0,,,0,1,164,4,194,1,,21020,4,0,189,122,0,330,0,,9,,40,0,,
,,2013-ausopen-1401,,,,,,1401,Stanislas Wawrinka,,Novak Djokovic,2013,ausopen,,,0,,0,0,0,0,5,,167,1,,1,183,0,0,1,,0,,2013-ausopen-1401,0,0,,40,0,4:08:10,,,,0,,0,,,0,1,164,4,192,0,,22020,4,0,190,113,0,331,0,,9,,AD,0,,
,,2013-ausopen-1401,,,,,,1401,Stanislas Wawrinka,,Novak Djokovic,2013,ausopen,,,0,,0,0,0,0,5,,167,2,,0,180,0,1,1,,0,,2013-ausopen-1401,0,1,,AD,0,4:09:21,,,,1,,0,,,0,1,166,4,196,0,,22410,4,0,188,111,0,333,0,,9,,40,0,,
,,2013-ausopen-1401,,,,,,1401,Stanislas Wawrinka,,Novak Djokovic,2013,ausopen,,,0,,0,0,0,0,5,,167,2,,0,191,0,0,1,,0,,2013-ausopen-1401,0,0,,40,0,4:08:43,,,,0,,0,,,0,1,165,4,193,0,,11020,4,0,188,118,0,332,1,,9,,40,0,,
,,2013-ausopen-1401,,,,,,1401,Stanislas Wawrinka,,Novak Djokovic,2013,ausopen,,,0,,0,0,0,0,5,,168,1,,1,137,0,0,1,,0,,2013-ausopen-1401,1,0,,40,0,4:10:15,,,,0,,0,,,0,1,166,4,194,1,,21020,4,0,189,85,0,334,0,,9,,40,0,,
,,2013-ausopen-1401,,,,,,1401,Stanislas Wawrinka,,Novak Djokovic,2013,ausopen,,,0,,0,0,0,0,5,,169,1,,1,179,0,0,1,,0,,2013-ausopen-1401,0,0,,40,0,4:11:01,,,,0,,0,,,0,1,166,4,192,0,,22020,4,0,190,111,0,335,0,,9,,AD,0,,
,,2013-ausopen-1401,,,,,,1401,Stanislas Wawrinka,,Novak Djokovic,2013,ausopen,,,0,,0,0,0,0,5,,170,2,,0,180,0,0,2,,0,,2013-ausopen-1401,0,0,,15,0,4:13:11,,,,0,,0,,,0,2,167,4,192,0,,11020,5,0,192,111,0,337,1,,10,,0,0,,
,,2013-ausopen-1401,,,,,,1401,Stanislas Wawrinka,,Novak Djokovic,2013,ausopen,,,0,,0,0,0,0,5,,170,2,,0,183,0,0,2,,0,,2013-ausopen-1401,0,0,,40,0,4:13:57,,,,0,,0,,,0,2,169,4,195,0,,11030,5,0,189,113,0,339,0,,10,,0,0,,
,,2013-ausopen-1401,,,,,,1401,Stanislas Wawrinka,,Novak Djokovic,2013,ausopen,,,0,,0,0,0,0,5,,170,2,,0,191,0,0,2,,0,,2013-ausopen-1401,0,0,,30,0,4:13:35,,,,0,,0,,,0,2,168,4,193,0,,12020,5,0,190,118,0,338,1,,10,,0,0,,
,,2013-ausopen-1401,,,,,,1401,Stanislas Wawrinka,,Novak Djokovic,2013,ausopen,,,0,,0,0,0,0,5,,171,1,,0,189,0,0,2,,0,,2013-ausopen-1401,0,0,,40,0,4:14:20,,,,0,,0,,,1,2,169,4,195,0,,11010,5,0,192,117,0,340,0,,10,,15,0,,
,,2013-ausopen-1401,,,,,,1401,Stanislas Wawrinka,,Novak Djokovic,2013,ausopen,,,0,,0,0,0,0,5,,172,1,,1,134,0,0,1,,0,,2013-ausopen-1401,0,0,,0,0,4:15:53,,,,0,,0,,,0,1,170,5,198,0,,22020,5,0,193,83,0,342,0,,11,,15,0,,
,,2013-ausopen-1401,,,,,,1401,Stanislas Wawrinka,,Novak Djokovic,2013,ausopen,,,0,,0,0,0,0,5,,173,1,,0,185,0,0,1,,0,,2013-ausopen-1401,0,0,,0,0,4:16:29,,,,0,,0,,,0,1,170,5,197,0,,21030,5,0,195,115,0,343,0,,11,,30,0,,
,,2013-ausopen-1401,,,,,,1401,Stanislas Wawrinka,,Novak Djokovic,2013,ausopen,,,0,,0,0,0,0,5,,174,1,,0,179,0,0,1,,0,,2013-ausopen-1401,0,0,,0,0,4:16:49,,,,0,,0,,,0,1,170,5,196,0,,21030,5,0,197,111,0,344,0,,11,,40,0,,
,,2013-ausopen-1401,,,,,,1401,Stanislas Wawrinka,,Novak Djokovic,2013,ausopen,,,0,,0,0,0,0,5,,175,2,,0,185,0,0,2,,0,,2013-ausopen-1401,0,0,,30,0,4:19:44,,,,0,,0,,,0,2,172,5,200,0,,11030,6,0,199,115,0,347,0,,12,,0,0,,
,,2013-ausopen-1401,,,,,,1401,Stanislas Wawrinka,,Novak Djokovic,2013,ausopen,,,0,,0,0,0,0,5,,175,2,,0,185,0,0,2,,0,,2013-ausopen-1401,0,0,,40,0,4:20:03,,,,0,,0,,,0,2,173,5,202,0,,11030,6,0,198,115,0,348,0,,12,,0,0,,
,,2013-ausopen-1401,,,,,,1401,Stanislas Wawrinka,,Novak Djokovic,2013,ausopen,,,0,,0,0,0,0,5,,176,1,,0,148,0,0,2,,0,,2013-ausopen-1401,0,0,,40,0,4:20:19,,,,0,,0,,,1,2,173,5,202,0,,12010,6,0,201,92,0,349,0,,12,,15,0,,
,,2013-ausopen-1401,,,,,,1401,Stanislas Wawrinka,,Novak Djokovic,2013,ausopen,,,0,,0,0,0,0,5,,177,1,,0,200,0,0,2,,0,,2013-ausopen-1401,0,0,,0,0,4:21:29,,,,0,,0,,,0,1,174,6,206,0,,22030,6,0,203,124,0,351,0,,13,,15,0,,
,,2013-ausopen-1401,,,,,,1401,Stanislas Wawrinka,,Novak Djokovic,2013,ausopen,,,0,,0,0,0,0,5,,178,1,,0,193,0,0,1,,0,,2013-ausopen-1401,0,0,,0,0,4:22:02,,,,0,,0,,,0,1,174,6,205,0,,21030,6,0,205,120,0,352,0,,13,,30,0,,
,,2013-ausopen-1401,,,,,,1401,Stanislas Wawrinka,,Novak Djokovic,2013,ausopen,,,0,,0,0,0,0,5,,179,1,,1,194,0,0,1,,0,,2013-ausopen-1401,0,0,,0,0,4:22:36,,,,0,,0,,,0,1,174,6,203,0,,21020,6,0,206,120,0,353,0,,13,,40,0,,
,,2013-ausopen-1401,,,,,,1401,Stanislas Wawrinka,,Novak Djokovic,2013,ausopen,,,0,,0,0,0,0,5,,181,1,,0,201,0,0,2,,0,,2013-ausopen-1401,0,0,,0,0,4:24:47,,,,0,,0,,,1,2,174,6,198,0,,12010,7,0,215,124,0,355,0,,14,,15,0,,
,,2013-ausopen-1401,,,,,,1401,Stanislas Wawrinka,,Novak Djokovic,2013,ausopen,,,0,,0,0,0,0,5,,181,2,,0,157,0,0,2,,0,,2013-ausopen-1401,0,0,,30,0,4:25:55,,,,0,,0,,,0,2,176,6,203,0,,11030,7,0,214,97,0,357,0,,14,,15,0,,
,,2013-ausopen-1401,,,,,,1401,Stanislas Wawrinka,,Novak Djokovic,2013,ausopen,,,0,,0,0,0,0,5,,181,2,,0,193,0,0,2,,0,,2013-ausopen-1401,0,0,,40,0,4:26:28,,,,0,,0,,,0,2,177,6,205,0,,12030,7,0,213,120,0,358,0,,14,,15,0,,
,,2013-ausopen-1401,,,,,,1401,Stanislas Wawrinka,,Novak Djokovic,2013,ausopen,,,0,,0,0,0,0,5,,181,2,,0,194,0,0,2,,0,,2013-ausopen-1401,0,0,,15,0,4:25:32,,,,1,,0,,,0,2,175,6,201,0,,24000,7,0,215,120,0,356,0,,14,,15,0,,
,,2013-ausopen-1401,,,,,,1401,Stanislas Wawrinka,,Novak Djokovic,2013,ausopen,,,0,,0,0,0,0,5,,182,1,,1,205,0,0,2,,0,,2013-ausopen-1401,0,0,,40,0,4:26:52,,,,0,,0,,,0,2,177,6,203,0,,22020,7,0,214,127,0,359,0,,14,,30,0,,
,,2013-ausopen-1401,,,,,,1401,Stanislas Wawrinka,,Novak Djokovic,2013,ausopen,,,0,,0,0,0,0,5,,182,2,,0,183,0,0,1,,0,,2013-ausopen-1401,0,0,,15,0,4:28:07,,,,0,,0,,,0,1,179,7,209,0,,11030,7,0,212,113,0,361,0,,15,,0,0,,
,,2013-ausopen-1401,,,,,,1401,Stanislas Wawrinka,,Novak Djokovic,2013,ausopen,,,0,,0,0,0,0,5,,183,1,,0,197,0,0,1,,0,,2013-ausopen-1401,0,0,,15,0,4:28:31,,,,0,,0,,,0,1,179,7,208,0,,21030,7,0,214,122,0,362,0,,15,,15,0,,
,,2013-ausopen-1401,,,,,,1401,Stanislas Wawrinka,,Novak Djokovic,2013,ausopen,,,0,,0,0,0,0,5,,184,1,,0,205,0,0,1,,0,,2013-ausopen-1401,0,0,,15,0,4:28:55,,,,0,,0,,,1,1,179,7,208,0,,14000,7,0,217,127,0,363,0,,15,,30,0,,
,,2013-ausopen-1401,,,,,,1401,Stanislas Wawrinka,,Novak Djokovic,2013,ausopen,,,0,,0,0,0,0,5,,185,1,,0,179,0,0,1,,0,,2013-ausopen-1401,0,0,,15,0,4:29:17,,,,0,,0,,,0,1,179,7,207,0,,21030,7,0,219,111,0,364,0,,15,,40,0,,
,,2013-ausopen-1401,,,,,,1401,Stanislas Wawrinka,,Novak Djokovic,2013,ausopen,,,0,,0,0,0,0,5,,186,2,,0,178,0,1,2,,0,,2013-ausopen-1401,0,1,,15,0,4:31:35,,,,0,,0,,,0,2,180,7,212,0,,12030,8,0,220,110,0,366,0,,16,,0,0,,
,,2013-ausopen-1401,,,,,,1401,Stanislas Wawrinka,,Novak Djokovic,2013,ausopen,,,0,,0,0,0,0,5,,186,2,,0,195,0,1,2,,0,,2013-ausopen-1401,0,1,,30,0,4:32:03,,,,1,,0,,,0,2,181,7,215,0,,21410,8,0,220,121,0,367,0,,16,,0,0,,
,,2013-ausopen-1401,,,,,,1401,Stanislas Wawrinka,,Novak Djokovic,2013,ausopen,,,0,,0,0,0,0,5,,187,1,,0,159,0,0,2,,0,,2013-ausopen-1401,0,0,,30,0,4:32:33,,,,0,,0,,,0,2,181,7,214,0,,22030,8,0,222,98,0,368,0,,16,,15,0,,
,,2013-ausopen-1401,,,,,,1401,Stanislas Wawrinka,,Novak Djokovic,2013,ausopen,,,0,,0,0,0,0,5,,187,2,,0,193,0,0,2,,0,,2013-ausopen-1401,0,0,,40,0,4:33:13,,,,1,,0,,,0,2,182,7,217,0,,21510,8,0,222,120,0,369,0,,16,,15,0,,
,,2013-ausopen-1401,,,,,,1401,Stanislas Wawrinka,,Novak Djokovic,2013,ausopen,,,0,,0,0,0,0,5,,189,1,,1,189,0,0,1,,0,,2013-ausopen-1401,0,0,,0,0,4:34:58,,,,0,,0,,,0,1,183,8,218,0,,22020,8,0,225,117,0,372,0,,17,,30,0,,
,,2013-ausopen-1401,,,,,,1401,Stanislas Wawrinka,,Novak Djokovic,2013,ausopen,,,0,,0,0,0,0,5,,190,1,,1,179,0,0,1,,0,,2013-ausopen-1401,0,0,,0,0,4:35:38,,,,0,,0,,,0,1,183,8,216,0,,21020,8,0,226,111,0,373,0,,17,,40,0,,
,,2013-ausopen-1401,,,,,,1401,Stanislas Wawrinka,,Novak Djokovic,2013,ausopen,,,0,,0,0,0,0,5,,190,2,,0,0,1,0,1,,0,,2013-ausopen-1401,0,0,,15,0,4:36:04,,,,0,,0,,,0,1,184,8,217,0,,15000,8,0,222,0,0,374,1,,17,,40,0,,
,,2013-ausopen-1401,,,,,,1401,Stanislas Wawrinka,,Novak Djokovic,2013,ausopen,,,0,,0,0,0,0,5,,192,1,,1,206,0,0,2,,0,,2013-ausopen-1401,0,0,,0,0,4:38:35,,,,0,,0,,,0,2,184,8,215,0,,21020,9,0,228,128,0,376,0,,18,,15,0,,
,,2013-ausopen-1401,,,,,,1401,Stanislas Wawrinka,,Novak Djokovic,2013,ausopen,,,0,,0,0,0,0,5,,192,2,,0,156,0,0,2,,0,,2013-ausopen-1401,0,0,,30,0,4:39:21,,,,0,,0,,,0,2,186,8,219,0,,11030,9,0,226,97,0,378,0,,18,,15,0,,
,,2013-ausopen-1401,,,,,,1401,Stanislas Wawrinka,,Novak Djokovic,2013,ausopen,,,0,,0,0,0,0,5,,192,2,,0,194,0,0,2,,0,,2013-ausopen-1401,0,0,,15,0,4:38:58,,,,0,,0,,,0,2,185,8,217,0,,11030,9,0,227,120,0,377,0,,18,,15,0,,
,,2013-ausopen-1401,,,,,,1401,Stanislas Wawrinka,,Novak Djokovic,2013,ausopen,,,0,,0,0,0,0,5,,194,1,,0,135,0,0,1,,0,,2013-ausopen-1401,0,0,,0,0,4:41:32,,,,0,,0,,,0,1,188,9,226,0,,22030,9,0,231,83,0,382,0,,19,,30,0,,
,,2013-ausopen-1401,,,,,,1401,Stanislas Wawrinka,,Novak Djokovic,2013,ausopen,,,0,,0,0,0,0,5,,195,1,,1,139,0,0,1,,0,,2013-ausopen-1401,0,0,,0,0,4:42:08,,,,0,,0,,,0,1,188,9,224,0,,22020,9,0,232,86,0,383,0,,19,,40,0,,
,,2013-ausopen-1401,,,,,,1401,Stanislas Wawrinka,,Novak Djokovic,2013,ausopen,,,0,,0,0,0,0,5,,196,2,,0,150,0,0,2,,0,,2013-ausopen-1401,0,0,,30,0,4:44:55,,,,0,,0,,,0,2,190,9,227,0,,11020,10,0,234,93,0,386,1,,20,,0,0,,
,,2013-ausopen-1401,,,,,,1401,Stanislas Wawrinka,,Novak Djokovic,2013,ausopen,,,0,,0,0,0,0,5,,196,2,,0,150,0,0,2,,0,,2013-ausopen-1401,0,0,,40,0,4:45:26,,,,0,,0,,,0,2,191,9,229,0,,11030,10,0,233,93,0,387,0,,20,,0,0,,
,,2013-ausopen-1401,,,,,,1401,Stanislas Wawrinka,,Novak Djokovic,2013,ausopen,,,0,,0,0,0,0,5,,196,2,,0,170,0,1,2,,0,,2013-ausopen-1401,0,1,,15,0,4:44:23,,,,0,,0,,,0,2,189,9,226,0,,11030,10,0,236,105,0,385,0,,20,,0,0,,
,,2013-ausopen-1401,,,,,,1401,Stanislas Wawrinka,,Novak Djokovic,2013,ausopen,,,0,,0,0,0,0,5,,196,2,,0,198,0,0,1,,0,,2013-ausopen-1401,0,0,,15,0,4:47:23,,,,0,,0,,,0,1,193,10,233,0,,11020,10,0,229,123,0,389,1,,21,,0,0,,
,,2013-ausopen-1401,,,,,,1401,Stanislas Wawrinka,,Novak Djokovic,2013,ausopen,,,0,,0,0,0,0,5,,197,1,,1,201,0,0,1,,0,,2013-ausopen-1401,0,0,,15,0,4:48:13,,,,0,,0,,,0,1,193,10,231,0,,22020,10,0,230,124,0,390,0,,21,,15,0,,
,,2013-ausopen-1401,,,,,,1401,Stanislas Wawrinka,,Novak Djokovic,2013,ausopen,,,0,,0,0,0,0,5,,198,1,,0,182,0,0,1,,0,,2013-ausopen-1401,0,0,,15,0,4:48:49,,,,0,,0,,,1,1,193,10,231,0,,11010,10,0,233,113,0,391,0,,21,,30,0,,
,,2013-ausopen-1401,,,,,,1401,Stanislas Wawrinka,,Novak Djokovic,2013,ausopen,,,0,,0,0,0,0,5,,200,2,,0,144,0,1,2,,0,,2013-ausopen-1401,0,1,,30,0,4:51:51,,,,0,,0,,,0,2,195,10,234,0,,12030,11,0,239,89,0,395,0,,22,,0,0,,
,,2013-ausopen-1401,,,,,,1401,Stanislas Wawrinka,,Novak Djokovic,2013,ausopen,,,0,,0,0,0,0,5,,200,2,,0,202,0,1,2,,0,,2013-ausopen-1401,0,1,M,15,0,4:51:21,,,,0,,0,,,0,2,194,10,232,0,,11030,11,0,240,125,0,394,0,,22,,0,0,,
,,2013-ausopen-1401,,,,,,1401,Stanislas Wawrinka,,Novak Djokovic,2013,ausopen,,,0,,0,0,0,0,5,,201,1,,1,0,0,0,2,,0,,2013-ausopen-1401,0,0,,30,1,4:52:39,,,,0,,0,,,0,2,195,10,230,0,,25000,11,0,240,0,0,396,0,,22,,15,0,,
,,2013-ausopen-1401,,,,,,1401,Stanislas Wawrinka,,Novak Djokovic,2013,ausopen,,,0,,0,0,0,0,5,,201,2,,0,193,0,0,2,,0,,2013-ausopen-1401,0,0,,40,0,4:53:45,,,,0,,0,,,0,2,196,10,232,0,,12030,11,0,239,120,0,397,0,,22,,15,0,,
,,2013-ausopen-1401,,,,,,1401,Stanislas Wawrinka,,Novak Djokovic,2013,ausopen,,,0,,0,0,0,0,5,,202,1,,1,157,0,0,2,,0,,2013-ausopen-1401,0,0,,40,0,4:54:10,,,,0,,0,,,0,2,196,10,230,0,,22020,11,0,240,97,0,398,0,,22,,30,0,,
,,2013-ausopen-1401,,,,,,1401,Stanislas Wawrinka,,Novak Djokovic,2013,ausopen,,,0,,0,0,0,0,5,,203,1,,1,179,0,0,2,,0,,2013-ausopen-1401,0,0,,40,0,4:54:47,,,,0,,0,,,0,2,196,10,228,0,,22020,11,0,241,111,0,399,0,,22,,40,0,,
,,2013-ausopen-1401,,,,,,1401,Stanislas Wawrinka,,Novak Djokovic,2013,ausopen,,,0,,0,0,0,0,5,,204,1,,0,216,0,1,2,,0,,2013-ausopen-1401,0,0,,40,0,4:55:32,,,,0,,0,,,1,2,196,10,228,0,,12010,11,0,244,134,0,400,0,,22,,AD,0,,
,,2013-ausopen-1401,,,,,,1401,Stanislas Wawrinka,,Novak Djokovic,2013,ausopen,,,0,,0,0,0,0,5,,204,2,,0,200,0,0,2,,0,,2013-ausopen-1401,0,0,,40,0,4:56:13,,,,1,,0,,,0,2,197,10,231,0,,24000,11,0,244,124,1,401,0,,22,,40,1,,
,,2013-ausopen-1401,,,,,,1401,Stanislas Wawrinka,,Novak Djokovic,2013,ausopen,,,0,,0,0,0,0,5,,205,1,,1,151,0,0,2,,0,,2013-ausopen-1401,0,0,,40,0,4:56:42,,,,0,,0,,,0,2,197,10,229,0,,22020,11,0,245,93,0,402,0,,22,,AD,0,,
,,2013-ausopen-1401,,,,,,1401,Stanislas Wawrinka,,Novak Djokovic,2013,ausopen,,,0,,0,0,0,0,5,,205,2,,0,150,0,0,2,,0,,2013-ausopen-1401,0,0,,40,0,4:57:35,,,,1,,0,,,0,2,198,10,232,0,,22010,11,0,245,93,1,403,0,,22,,40,1,,
,,2013-ausopen-1401,,,,,,1401,Stanislas Wawrinka,,Novak Djokovic,2013,ausopen,,,0,,0,0,0,0,5,,205,2,,0,184,0,0,2,,0,,2013-ausopen-1401,0,0,,AD,0,4:58:23,,,,1,,0,,,0,2,199,10,235,0,,22010,11,0,245,114,0,404,0,,22,,40,0,,
,,2013-ausopen-1401,,,,,,1401,Stanislas Wawrinka,,Novak Djokovic,2013,ausopen,,,0,,0,0,0,0,5,,206,1,,1,143,0,0,2,,0,,2013-ausopen-1401,0,0,,40,0,4:58:55,,,,0,,0,,,0,2,199,10,233,0,,22020,11,0,246,88,0,405,0,,22,,40,0,,
,,2013-ausopen-1401,,,,,,1401,Stanislas Wawrinka,,Novak Djokovic,2013,ausopen,,,0,,0,0,0,0,5,,206,2,,0,157,0,0,2,,0,,2013-ausopen-1401,0,0,,AD,0,4:59:29,,,,1,,0,,,0,2,200,10,236,0,,21010,11,0,246,97,0,406,0,,22,,40,0,,
,,2013-ausopen-1401,,,,,,1401,Stanislas Wawrinka,,Novak Djokovic,2013,ausopen,,,0,,0,0,0,0,5,,207,1,,1,182,0,0,2,,0,,2013-ausopen-1401,0,0,,40,0,5:00:30,,,,0,,0,,,0,2,200,10,234,0,,22020,11,0,247,113,0,407,0,,22,,40,0,,
,,2013-ausopen-1401,,,,,,1401,Stanislas Wawrinka,,Novak Djokovic,2013,ausopen,,,0,,0,0,0,0,5,,208,1,,1,187,0,0,2,,0,,2013-ausopen-1401,0,0,,40,0,5:01:11,,,,0,,0,,,0,2,200,10,232,0,,22020,11,0,248,116,0,408,0,,22,,AD,0,,
,,2013-ausopen-1401,,,,,,1401,Stanislas Wawrinka,,Novak Djokovic,2013,ausopen,,,0,,0,0,0,1,1,,3,1,,0,172,0,0,1,,0,,2013-ausopen-1401,0,0,,30,0,0:02:16,,,,0,,0,,,1,1,2,0,1,0,,13000,0,0,8,106,0,5,0,,1,,40,0,,
,,2013-ausopen-1401,,,,,,1401,Stanislas Wawrinka,,Novak Djokovic,2013,ausopen,,,0,,0,0,0,1,2,,54,1,,0,170,0,0,1,,0,,2013-ausopen-1401,0,0,,0,0,1:23:07,,,,0,,0,,,1,1,61,5,88,0,,13000,6,0,51,105,0,115,0,,12,,30,0,,
,,2013-ausopen-1401,,,,,,1401,Stanislas Wawrinka,,Novak Djokovic,2013,ausopen,,,0,,0,0,0,1,5,,188,1,,0,169,0,0,1,,0,,2013-ausopen-1401,0,0,,0,0,4:34:26,,,,0,,0,,,1,1,183,8,220,0,,13000,8,0,224,105,0,371,0,,17,,15,0,,
,,2013-ausopen-1401,,,,,,1401,Stanislas Wawrinka,,Novak Djokovic,2013,ausopen,,,0,,0,0,0,1,5,,193,1,,0,170,0,0,1,,0,,2013-ausopen-1401,0,0,,0,0,4:41:10,,,,0,,0,,S,1,1,188,9,227,0,,13000,9,0,229,105,0,381,0,,19,,15,0,,
,,2013-ausopen-1401,,,,,,1401,Stanislas Wawrinka,,Novak Djokovic,2013,ausopen,,,0,,0,0,0,1,5,,199,1,,0,192,0,0,1,,0,,2013-ausopen-1401,0,0,,15,0,4:49:18,,,,0,,0,,,1,1,193,10,231,0,,13000,10,0,237,119,0,392,0,,21,,40,0,,
,,2013-ausopen-1401,,,,,,1401,Stanislas Wawrinka,,Novak Djokovic,2013,ausopen,,,0,,0,1,0,0,2,,31,1,,1,140,0,0,2,,0,,2013-ausopen-1401,0,0,,0,0,0:55:22,,,,0,,0,,,0,1,49,4,100,0,,21022,2,0,15,87,0,80,0,,6,,0,0,,
,,2013-ausopen-1401,,,,,,1401,Stanislas Wawrinka,,Novak Djokovic,2013,ausopen,,,0,,0,1,0,0,2,,38,1,,0,195,0,0,2,,0,,2013-ausopen-1401,0,0,,0,0,1:04:07,,,,0,,0,,,1,1,54,5,103,0,,12012,3,0,24,121,0,92,0,,8,,0,0,,
,,2013-ausopen-1401,,,,,,1401,Stanislas Wawrinka,,Novak Djokovic,2013,ausopen,,,0,,0,1,0,0,2,,46,1,,0,200,0,0,2,,0,,2013-ausopen-1401,0,0,,0,0,1:12:48,,,,0,,0,,,0,1,57,5,95,0,,22032,5,0,39,124,0,103,0,,10,,0,0,,
,,2013-ausopen-1401,,,,,,1401,Stanislas Wawrinka,,Novak Djokovic,2013,ausopen,,,0,,0,1,0,0,2,,56,1,,0,146,0,0,2,,1,,2013-ausopen-1401,0,0,,0,0,1:24:59,,,,0,,0,,,1,1,62,5,84,0,,12013,7,0,56,90,0,118,0,,12,,0,0,,
,,2013-ausopen-1401,,,,,,1401,Stanislas Wawrinka,,Novak Djokovic,2013,ausopen,,,0,,0,1,0,0,3,,83,1,,0,194,0,0,2,,0,,2013-ausopen-1401,0,0,,0,0,2:01:58,,,,0,,0,,,0,1,86,4,113,0,,21032,4,0,90,120,0,169,0,,8,,0,0,,
,,2013-ausopen-1401,,,,,,1401,Stanislas Wawrinka,,Novak Djokovic,2013,ausopen,,,0,,0,1,0,0,4,,104,1,,0,200,0,0,2,,0,,2013-ausopen-1401,0,0,,0,0,2:32:45,,,,0,,0,,,0,1,104,2,116,0,,21032,2,0,118,124,0,208,0,,4,,0,0,,
,,2013-ausopen-1401,,,,,,1401,Stanislas Wawrinka,,Novak Djokovic,2013,ausopen,,,0,,0,1,0,0,4,,118,1,,0,200,0,0,2,,0,,2013-ausopen-1401,0,0,,0,0,2:50:59,,,,0,,0,,,0,1,116,4,142,0,,21032,4,0,146,124,0,234,0,,8,,0,0,,
,,2013-ausopen-1401,,,,,,1401,Stanislas Wawrinka,,Novak Djokovic,2013,ausopen,,,0,,0,1,0,0,4,,124,1,,0,141,0,0,2,,0,,2013-ausopen-1401,0,0,,0,0,3:01:22,,,,0,,0,,,1,1,120,5,143,0,,11012,5,0,153,87,0,244,0,,10,,0,0,,
,,2013-ausopen-1401,,,,,,1401,Stanislas Wawrinka,,Novak Djokovic,2013,ausopen,,,0,,0,1,0,0,5,,147,1,,0,152,0,0,2,,0,,2013-ausopen-1401,0,0,,0,0,3:39:15,,,,0,,0,,,1,1,143,1,176,0,,11012,2,0,178,94,0,290,0,,3,,0,0,,
,,2013-ausopen-1401,,,,,,1401,Stanislas Wawrinka,,Novak Djokovic,2013,ausopen,,,0,,0,1,0,0,5,,151,1,,0,192,0,0,2,,0,,2013-ausopen-1401,0,0,,0,0,3:45:24,,,,0,,0,,,0,1,149,2,188,0,,21032,3,0,183,119,0,300,0,,5,,0,0,,
,,2013-ausopen-1401,,,,,,1401,Stanislas Wawrinka,,Novak Djokovic,2013,ausopen,,,0,,0,1,0,0,5,,158,1,,0,187,0,0,2,,0,,2013-ausopen-1401,0,0,,0,0,3:54:35,,,,0,,0,,,0,1,154,3,191,0,,21032,4,0,192,116,0,312,0,,7,,0,0,,
,,2013-ausopen-1401,,,,,,1401,Stanislas Wawrinka,,Novak Djokovic,2013,ausopen,,,0,,0,1,0,0,5,,170,1,,0,196,0,0,2,,0,,2013-ausopen-1401,0,0,,0,0,4:11:30,,,,0,,0,,,0,1,166,4,191,0,,21032,5,0,194,121,0,336,0,,9,,0,0,,
,,2013-ausopen-1401,,,,,,1401,Stanislas Wawrinka,,Novak Djokovic,2013,ausopen,,,0,,0,1,0,0,5,,175,1,,1,130,0,0,2,,0,,2013-ausopen-1401,0,0,,0,0,4:17:08,,,,0,,0,,,0,1,170,5,194,0,,21022,6,0,200,80,0,345,0,,11,,0,0,,
,,2013-ausopen-1401,,,,,,1401,Stanislas Wawrinka,,Novak Djokovic,2013,ausopen,,,0,,0,1,0,0,5,,180,1,,1,137,0,0,2,,1,,2013-ausopen-1401,0,0,,0,0,4:22:58,,,,0,,0,,,0,1,174,6,198,0,,22022,7,0,212,85,0,354,0,,13,,0,0,,
,,2013-ausopen-1401,,,,,,1401,Stanislas Wawrinka,,Novak Djokovic,2013,ausopen,,,0,,0,1,0,0,5,,200,1,,0,200,0,0,2,,0,,2013-ausopen-1401,0,0,,0,0,4:49:38,,,,0,,0,,,0,1,193,10,230,0,,22032,11,0,241,124,0,393,0,,21,,0,0,,
,,2013-ausopen-1401,,,,,,1401,Stanislas Wawrinka,,Novak Djokovic,2013,ausopen,,,0,,0,1,0,1,1,,5,1,,0,182,0,0,2,,0,,2013-ausopen-1401,0,0,S,0,0,0:03:57,,,,0,,0,,,1,1,3,0,3,0,,13000,1,0,16,113,0,8,0,,1,,0,0,,
,,2013-ausopen-1401,,,,,,1401,Stanislas Wawrinka,,Novak Djokovic,2013,ausopen,,,0,,0,1,0,1,4,,99,1,,0,189,0,0,2,,0,,2013-ausopen-1401,0,0,,0,0,2:23:02,,,,0,,0,,,1,1,97,1,108,0,,13000,1,0,116,117,0,196,0,,2,,0,0,,
,,2013-ausopen-1401,,,,,,1401,Stanislas Wawrinka,,Novak Djokovic,2013,ausopen,,,0,,0,1,1,0,2,,17,1,,1,160,0,0,1,,0,,2013-ausopen-1401,0,0,,0,0,0:30:13,,,,0,,0,,,0,2,28,0,57,0,,22022,1,0,10,99,1,45,0,,1,,0,1,,
,,2013-ausopen-1401,,,,,,1401,Stanislas Wawrinka,,Novak Djokovic,2013,ausopen,,,0,,0,1,1,0,2,,42,1,,1,154,0,0,1,,0,,2013-ausopen-1401,0,0,,0,0,1:08:16,,,,0,,0,,,0,2,56,5,98,0,,22022,4,0,31,95,1,98,0,,9,,0,1,,
,,2013-ausopen-1401,,,,,,1401,Stanislas Wawrinka,,Novak Djokovic,2013,ausopen,,,0,,0,1,1,0,2,,52,1,,1,199,0,0,1,,0,,2013-ausopen-1401,0,0,,0,0,1:20:48,,,,0,,0,,,0,2,61,5,90,0,,21022,6,0,46,123,1,113,0,,11,,0,1,,
,,2013-ausopen-1401,,,,,,1401,Stanislas Wawrinka,,Novak Djokovic,2013,ausopen,,,0,,0,1,1,0,3,,60,1,,1,205,0,0,1,,0,,2013-ausopen-1401,0,0,,0,0,1:31:43,,,,0,,0,,,0,2,64,0,82,0,,22022,1,0,66,127,1,124,0,,1,,0,1,,
,,2013-ausopen-1401,,,,,,1401,Stanislas Wawrinka,,Novak Djokovic,2013,ausopen,,,0,,0,1,1,0,3,,87,1,,0,157,0,0,1,,0,,2013-ausopen-1401,0,0,,0,0,2:05:18,,,,0,,0,,,0,2,88,4,109,0,,21032,5,0,99,97,1,175,0,,9,,0,1,,
,,2013-ausopen-1401,,,,,,1401,Stanislas Wawrinka,,Novak Djokovic,2013,ausopen,,,0,,0,1,1,0,5,,142,1,,0,202,0,0,1,,0,,2013-ausopen-1401,0,0,,0,0,3:33:18,,,,0,,0,,,1,2,140,1,174,0,,11012,1,0,168,125,1,282,0,,2,,0,1,,
,,2013-ausopen-1401,,,,,,1401,Stanislas Wawrinka,,Novak Djokovic,2013,ausopen,,,0,,0,1,1,0,5,,209,1,,0,154,0,1,1,,0,,2013-ausopen-1401,0,0,,0,0,5:01:44,,,,0,,0,,,1,2,200,10,230,0,,12014,12,0,255,95,1,409,0,,22,,0,1,,
,,2013-ausopen-1401,,,,,,1401,Stanislas Wawrinka,,Novak Djokovic,2013,ausopen,,,0,,0,2,0,0,1,,7,2,,0,194,0,1,1,,0,,2013-ausopen-1401,0,1,,0,0,0:06:51,,,,1,,0,,,0,2,7,1,11,0,,21012,1,0,16,120,0,14,0,,2,,0,0,,
,,2013-ausopen-1401,,,,,,1401,Stanislas Wawrinka,,Novak Djokovic,2013,ausopen,,,0,,0,2,0,0,1,,8,2,,0,143,0,0,2,,0,,2013-ausopen-1401,1,0,,0,0,0:09:47,,,,0,,1,,,0,1,11,2,20,1,,11022,1,0,7,88,0,19,1,,3,,0,0,,
,,2013-ausopen-1401,,,,,,1401,Stanislas Wawrinka,,Novak Djokovic,2013,ausopen,,,0,,0,2,0,0,1,,9,2,,0,169,0,0,1,,0,,2013-ausopen-1401,0,0,,0,0,0:13:44,,,,0,,0,,,0,2,15,3,30,0,,11032,1,0,6,105,0,24,0,,4,,0,0,,
,,2013-ausopen-1401,,,,,,1401,Stanislas Wawrinka,,Novak Djokovic,2013,ausopen,,,0,,0,2,0,0,1,,11,2,,0,187,0,0,2,,0,,2013-ausopen-1401,1,0,,0,0,0:17:21,,,,1,,1,,,0,1,19,4,41,1,,22012,1,0,3,116,0,30,0,,5,,0,0,,
,,2013-ausopen-1401,,,,,,1401,Stanislas Wawrinka,,Novak Djokovic,2013,ausopen,,,0,,0,2,0,0,1,,11,2,,0,193,0,0,1,,0,,2013-ausopen-1401,0,0,,0,0,0:21:06,,,,0,,0,,,0,2,23,5,52,0,,12432,1,1,1,120,0,34,0,,6,,0,0,,
,,2013-ausopen-1401,,,,,,1401,Stanislas Wawrinka,,Novak Djokovic,2013,ausopen,,,0,,0,2,0,0,1,,13,2,,0,142,0,0,2,,2,,2013-ausopen-1401,1,0,,0,0,0:25:31,,,,1,,1,,,0,1,27,6,63,1,,21013,1,0,1,88,0,40,0,,7,,0,0,,
,,2013-ausopen-1401,,,,,,1401,Stanislas Wawrinka,,Novak Djokovic,2013,ausopen,,,0,,0,2,0,0,2,,18,2,,0,197,0,0,2,,0,,2013-ausopen-1401,1,0,,0,0,0:34:09,,,,0,,1,,,0,1,32,1,67,1,,12022,1,0,5,122,0,50,1,,2,,0,0,,
,,2013-ausopen-1401,,,,,,1401,Stanislas Wawrinka,,Novak Djokovic,2013,ausopen,,,0,,0,2,0,0,2,,23,2,,0,195,0,0,1,,0,,2013-ausopen-1401,0,0,,0,0,0:40:54,,,,0,,0,,,0,2,39,2,79,0,,12032,1,0,8,121,0,62,0,,3,,0,0,,
,,2013-ausopen-1401,,,,,,1401,Stanislas Wawrinka,,Novak Djokovic,2013,ausopen,,,0,,0,2,0,0,2,,25,2,,0,200,0,0,2,,0,,2013-ausopen-1401,1,0,,0,0,0:47:32,,,,1,,1,,,0,1,43,3,90,1,,22012,1,0,7,124,0,68,0,,4,,0,0,,
,,2013-ausopen-1401,,,,,,1401,Stanislas Wawrinka,,Novak Djokovic,2013,ausopen,,,0,,0,2,0,0,2,,27,2,,0,207,0,0,1,,0,,2013-ausopen-1401,0,0,,0,0,0:51:05,,,,0,,0,,,0,2,47,4,103,0,,12032,1,0,10,128,0,74,0,,5,,0,0,,
,,2013-ausopen-1401,,,,,,1401,Stanislas Wawrinka,,Novak Djokovic,2013,ausopen,,,0,,0,2,0,0,2,,34,2,,0,179,0,0,1,,0,,2013-ausopen-1401,0,0,,0,0,1:00:55,,,,0,,0,,,0,2,54,5,106,0,,11032,2,0,13,111,0,88,0,,7,,0,0,,
,,2013-ausopen-1401,,,,,,1401,Stanislas Wawrinka,,Novak Djokovic,2013,ausopen,,,0,,0,2,0,0,3,,63,2,,0,189,0,0,2,,0,,2013-ausopen-1401,1,0,,0,0,1:36:49,,,,0,,1,,,0,1,69,1,90,1,,12032,1,0,62,117,0,132,0,,2,,0,0,,
,,2013-ausopen-1401,,,,,,1401,Stanislas Wawrinka,,Novak Djokovic,2013,ausopen,,,0,,0,2,0,0,3,,73,2,,0,151,0,0,1,,0,,2013-ausopen-1401,0,0,,0,0,1:52:00,,,,0,,0,,,0,2,81,3,111,0,,11022,2,0,73,93,0,154,1,,5,,0,0,,
,,2013-ausopen-1401,,,,,,1401,Stanislas Wawrinka,,Novak Djokovic,2013,ausopen,,,0,,0,2,0,0,3,,79,2,,0,211,0,0,1,,0,,2013-ausopen-1401,0,0,,0,0,1:59:01,,,,0,,0,,,0,2,86,4,116,0,,11032,3,0,79,131,0,165,0,,7,,0,0,,
,,2013-ausopen-1401,,,,,,1401,Stanislas Wawrinka,,Novak Djokovic,2013,ausopen,,,0,,0,2,0,0,4,,93,2,,0,184,0,1,1,,0,,2013-ausopen-1401,0,1,,0,0,2:16:05,,,,1,,0,,,0,2,93,1,110,0,,21412,0,0,109,114,0,186,0,,1,,0,0,,
,,2013-ausopen-1401,,,,,,1401,Stanislas Wawrinka,,Novak Djokovic,2013,ausopen,,,0,,0,2,0,0,4,,99,2,,0,183,0,0,1,,0,,2013-ausopen-1401,0,0,,0,0,2:25:24,,,,0,,0,,,0,2,101,2,119,0,,11032,1,0,113,113,0,200,0,,3,,0,0,,
,,2013-ausopen-1401,,,,,,1401,Stanislas Wawrinka,,Novak Djokovic,2013,ausopen,,,0,,0,2,0,0,4,,106,2,,0,210,0,1,1,,0,,2013-ausopen-1401,0,1,,0,0,2:36:07,,,,1,,0,,,0,2,108,3,128,0,,21012,2,0,121,130,0,214,0,,5,,0,0,,
,,2013-ausopen-1401,,,,,,1401,Stanislas Wawrinka,,Novak Djokovic,2013,ausopen,,,0,,0,2,0,0,4,,120,2,,0,173,0,0,1,,0,,2013-ausopen-1401,0,0,,0,0,2:55:01,,,,0,,0,,,0,2,120,5,148,0,,12022,4,0,144,107,0,240,1,,9,,0,0,,
,,2013-ausopen-1401,,,,,,1401,Stanislas Wawrinka,,Novak Djokovic,2013,ausopen,,,0,,0,2,0,0,4,,133,2,,0,191,0,0,1,,2,,2013-ausopen-1401,0,0,,0,0,3:18:01,,,,1,,0,,,0,2,131,7,166,0,,21013,6,0,161,118,0,264,0,,13,,0,0,,
,,2013-ausopen-1401,,,,,,1401,Stanislas Wawrinka,,Novak Djokovic,2013,ausopen,,,0,,0,2,0,0,5,,135,2,,0,148,0,1,2,,0,,2013-ausopen-1401,1,1,,0,0,3:24:30,,,,1,,1,,,0,1,135,1,176,1,,21012,0,0,158,92,0,270,0,,1,,0,0,,
,,2013-ausopen-1401,,,,,,1401,Stanislas Wawrinka,,Novak Djokovic,2013,ausopen,,,0,,0,2,0,0,5,,147,2,,0,183,0,0,1,,0,,2013-ausopen-1401,0,0,,0,0,3:42:08,,,,0,,0,,S,0,2,147,2,189,0,,12022,2,0,176,113,0,294,1,,4,,0,0,,
,,2013-ausopen-1401,,,,,,1401,Stanislas Wawrinka,,Novak Djokovic,2013,ausopen,,,0,,0,2,0,0,5,,154,2,,0,185,0,0,1,,0,,2013-ausopen-1401,0,0,,0,0,3:51:45,,,,0,,0,,,0,2,154,3,193,0,,11032,3,0,180,115,0,308,0,,6,,0,0,,
,,2013-ausopen-1401,,,,,,1401,Stanislas Wawrinka,,Novak Djokovic,2013,ausopen,,,0,,0,2,0,0,5,,162,2,,0,190,0,1,1,,0,,2013-ausopen-1401,0,1,,0,0,4:01:41,,,,0,,0,,,0,2,160,4,194,0,,11032,4,0,189,118,0,322,0,,8,,0,0,,
,,2013-ausopen-1401,,,,,,1401,Stanislas Wawrinka,,Novak Djokovic,2013,ausopen,,,0,,0,2,0,0,5,,171,2,,0,165,0,1,1,,0,,2013-ausopen-1401,0,1,,0,0,4:14:46,,,,1,,0,,,0,2,170,5,200,0,,22012,5,0,192,102,0,341,0,,10,,0,0,,
,,2013-ausopen-1401,,,,,,1401,Stanislas Wawrinka,,Novak Djokovic,2013,ausopen,,,0,,0,2,0,0,5,,176,2,,0,181,0,1,1,,0,,2013-ausopen-1401,0,1,,0,0,4:20:50,,,,1,,0,,,0,2,174,6,207,0,,21012,6,0,201,112,0,350,0,,12,,0,0,,
,,2013-ausopen-1401,,,,,,1401,Stanislas Wawrinka,,Novak Djokovic,2013,ausopen,,,0,,0,2,0,0,5,,182,2,,0,203,0,0,1,,0,,2013-ausopen-1401,0,0,,0,0,4:27:29,,,,0,,0,,,0,2,178,7,207,0,,12032,7,0,213,126,0,360,0,,14,,0,0,,
,,2013-ausopen-1401,,,,,,1401,Stanislas Wawrinka,,Novak Djokovic,2013,ausopen,,,0,,0,2,0,0,5,,187,2,,0,179,0,0,1,,0,,2013-ausopen-1401,0,0,,0,0,4:33:43,,,,0,,0,,,0,2,183,8,220,0,,12022,8,0,220,111,0,370,1,,16,,0,0,,
,,2013-ausopen-1401,,,,,,1401,Stanislas Wawrinka,,Novak Djokovic,2013,ausopen,,,0,,0,2,0,0,5,,192,2,,0,185,0,1,1,,0,,2013-ausopen-1401,0,1,,0,0,4:40:21,,,,0,,0,,,0,2,188,9,227,0,,12032,9,0,225,115,0,380,0,,18,,0,0,,
,,2013-ausopen-1401,,,,,,1401,Stanislas Wawrinka,,Novak Djokovic,2013,ausopen,,,0,,0,2,0,0,5,,196,2,,0,144,0,0,1,,0,,2013-ausopen-1401,0,0,,0,0,4:45:53,,,,0,,0,,,0,2,192,10,232,0,,12022,10,0,231,89,0,388,1,,20,,0,0,,
,,2013-ausopen-1401,,,,,,1401,Stanislas Wawrinka,,Novak Djokovic,2013,ausopen,,,0,,1,0,0,0,1,,1,1,,0,190,0,0,1,,0,,2013-ausopen-1401,0,0,,15,0,0:00:41,,,,0,,0,,,1,1,1,0,1,0,,11010,0,1,4,118,0,2,0,,1,,15,0,,
,,2013-ausopen-1401,,,,,,1401,Stanislas Wawrinka,,Novak Djokovic,2013,ausopen,,,0,,1,0,0,0,1,,2,1,,0,185,0,0,1,,0,,2013-ausopen-1401,0,0,,30,0,0:01:47,,,,0,,0,,,0,1,2,0,1,0,,22030,0,1,4,115,0,4,0,,1,,30,0,,
,,2013-ausopen-1401,,,,,,1401,Stanislas Wawrinka,,Novak Djokovic,2013,ausopen,,,0,,1,0,0,0,1,,13,1,,0,145,0,0,1,,0,,2013-ausopen-1401,0,0,,30,0,0:24:15,,,,0,,0,,,0,1,25,5,52,0,,21030,1,1,3,90,0,38,0,,7,,30,0,,
,,2013-ausopen-1401,,,,,,1401,Stanislas Wawrinka,,Novak Djokovic,2013,ausopen,,,0,,1,0,0,0,2,,26,1,,0,192,0,0,2,,0,,2013-ausopen-1401,0,0,,40,0,0:49:41,,,,0,,0,,,0,2,46,3,100,0,,21030,1,1,9,119,0,72,0,,5,,15,0,,
,,2013-ausopen-1401,,,,,,1401,Stanislas Wawrinka,,Novak Djokovic,2013,ausopen,,,0,,1,0,0,0,2,,50,1,,0,189,0,0,2,,0,,2013-ausopen-1401,0,0,,40,0,1:19:29,,,,0,,0,,,0,2,61,5,96,0,,22030,5,1,39,117,0,111,0,,11,,40,0,,
,,2013-ausopen-1401,,,,,,1401,Stanislas Wawrinka,,Novak Djokovic,2013,ausopen,,,0,,1,0,0,0,3,,69,1,,0,194,0,0,1,,0,,2013-ausopen-1401,0,0,,15,0,1:45:37,,,,0,,0,,,1,1,75,2,100,0,,11510,1,1,69,120,0,144,0,,4,,40,0,,
,,2013-ausopen-1401,,,,,,1401,Stanislas Wawrinka,,Novak Djokovic,2013,ausopen,,,0,,1,0,0,0,3,,70,1,,0,172,0,0,1,,0,,2013-ausopen-1401,0,0,,40,0,1:47:31,,,,0,,0,,,1,1,77,2,106,0,,12010,1,1,72,106,0,147,0,,4,,AD,0,,
,,2013-ausopen-1401,,,,,,1401,Stanislas Wawrinka,,Novak Djokovic,2013,ausopen,,,0,,1,0,0,0,3,,76,1,,0,201,0,0,1,,0,,2013-ausopen-1401,0,0,,15,0,1:55:34,,,,0,,0,,,1,1,82,3,110,0,,11410,2,1,76,124,0,158,0,,6,,40,0,,
,,2013-ausopen-1401,,,,,,1401,Stanislas Wawrinka,,Novak Djokovic,2013,ausopen,,,0,,1,0,0,0,4,,96,1,,0,180,0,0,1,,0,,2013-ausopen-1401,0,0,,0,0,2:17:51,,,,0,,0,,,0,1,93,1,106,0,,22030,0,1,114,111,0,189,0,,2,,40,0,,
,,2013-ausopen-1401,,,,,,1401,Stanislas Wawrinka,,Novak Djokovic,2013,ausopen,,,0,,1,0,0,0,4,,111,1,,0,198,0,0,2,,0,,2013-ausopen-1401,0,0,,15,0,2:40:23,,,,0,,0,,,1,2,109,3,127,0,,11510,3,1,134,123,0,220,0,,7,,15,0,,
,,2013-ausopen-1401,,,,,,1401,Stanislas Wawrinka,,Novak Djokovic,2013,ausopen,,,0,,1,0,0,0,4,,132,1,,0,203,0,0,1,,0,,2013-ausopen-1401,0,0,,6,0,3:16:25,,,,0,,0,,,0,1,130,6,158,0,,21030,6,1,161,126,0,262,0,,13,,4,0,,
,,2013-ausopen-1401,,,,,,1401,Stanislas Wawrinka,,Novak Djokovic,2013,ausopen,,,0,,1,0,0,0,4,,133,1,,0,138,0,0,2,,0,,2013-ausopen-1401,0,0,,6,0,3:16:57,,,,0,,0,,,1,1,130,6,158,0,,11010,6,1,164,85,0,263,0,,13,,5,0,,
,,2013-ausopen-1401,,,,,,1401,Stanislas Wawrinka,,Novak Djokovic,2013,ausopen,,,0,,1,0,0,0,5,,148,1,,0,200,0,0,1,,0,,2013-ausopen-1401,0,0,,0,0,3:42:52,,,,0,,0,,,1,1,147,2,189,0,,11410,2,1,179,124,0,295,0,,5,,15,0,,
,,2013-ausopen-1401,,,,,,1401,Stanislas Wawrinka,,Novak Djokovic,2013,ausopen,,,0,,1,0,0,0,5,,150,1,,0,186,0,0,1,,0,,2013-ausopen-1401,0,0,,0,0,3:44:00,,,,0,,0,,,1,1,147,2,187,0,,12010,2,1,183,115,0,297,0,,5,,40,0,,
,,2013-ausopen-1401,,,,,,1401,Stanislas Wawrinka,,Novak Djokovic,2013,ausopen,,,0,,1,0,0,0,5,,155,1,,0,140,0,0,1,,0,,2013-ausopen-1401,0,0,,0,0,3:52:24,,,,0,,0,,,1,1,154,3,193,0,,11410,3,1,183,87,0,309,0,,7,,15,0,,
,,2013-ausopen-1401,,,,,,1401,Stanislas Wawrinka,,Novak Djokovic,2013,ausopen,,,0,,1,0,0,0,5,,157,1,,0,139,0,0,1,,0,,2013-ausopen-1401,0,0,,0,0,3:53:51,,,,0,,0,,,1,1,154,3,192,0,,11510,3,1,188,86,0,311,0,,7,,40,0,,
,,2013-ausopen-1401,,,,,,1401,Stanislas Wawrinka,,Novak Djokovic,2013,ausopen,,,0,,1,0,0,0,5,,163,1,,0,167,0,0,1,,0,,2013-ausopen-1401,0,0,,0,0,4:02:25,,,,0,,0,,,1,1,160,4,194,0,,12410,4,1,192,103,0,323,0,,9,,15,0,,
,,2013-ausopen-1401,,,,,,1401,Stanislas Wawrinka,,Novak Djokovic,2013,ausopen,,,0,,1,1,0,0,3,,71,1,,0,133,0,0,2,,0,,2013-ausopen-1401,0,0,,0,0,1:48:06,,,,0,,0,,,0,1,77,2,105,0,,22032,2,1,76,82,0,148,0,,4,,0,0,,
,,2013-ausopen-1401,,,,,,1401,Stanislas Wawrinka,,Novak Djokovic,2013,ausopen,,,0,,1,1,0,0,3,,77,1,,0,198,0,0,2,,0,,2013-ausopen-1401,0,0,,0,0,1:56:04,,,,0,,0,,,1,1,82,3,110,0,,11012,3,1,81,123,0,159,0,,6,,0,0,,
,,2013-ausopen-1401,,,,,,1401,Stanislas Wawrinka,,Novak Djokovic,2013,ausopen,,,0,,1,1,0,0,3,,91,1,,0,175,0,0,2,,1,,2013-ausopen-1401,0,0,,0,0,2:10:03,,,,0,,0,,,0,1,89,4,104,0,,22033,6,1,111,108,0,180,0,,10,,0,0,,
,,2013-ausopen-1401,,,,,,1401,Stanislas Wawrinka,,Novak Djokovic,2013,ausopen,,,0,,1,1,0,0,4,,110,1,,0,178,0,0,2,,0,,2013-ausopen-1401,0,0,,0,0,2:39:08,,,,0,,0,,,1,1,108,3,124,0,,11012,3,1,131,110,0,218,0,,6,,0,0,,
,,2013-ausopen-1401,,,,,,1401,Stanislas Wawrinka,,Novak Djokovic,2013,ausopen,,,0,,1,1,0,0,4,,128,1,,0,198,0,0,2,,0,,2013-ausopen-1401,0,0,,0,0,3:07:59,,,,0,,0,,,1,1,124,6,154,0,,11412,6,1,163,123,0,252,0,,12,,0,0,,
,,2013-ausopen-1401,,,,,,1401,Stanislas Wawrinka,,Novak Djokovic,2013,ausopen,,,0,,1,1,0,0,5,,186,1,,0,198,0,0,2,,2,,2013-ausopen-1401,0,0,,0,0,4:29:49,,,,0,,0,,,1,1,179,7,210,0,,11412,8,1,221,123,0,365,0,,15,,0,0,,
,,2013-ausopen-1401,,,,,,1401,Stanislas Wawrinka,,Novak Djokovic,2013,ausopen,,,0,,1,1,0,0,5,,191,1,,0,149,0,0,2,,0,,2013-ausopen-1401,0,0,,0,0,4:36:34,,,,0,,0,,,1,1,184,8,217,0,,11012,9,1,227,92,0,375,0,,17,,0,0,,
,,2013-ausopen-1401,,,,,,1401,Stanislas Wawrinka,,Novak Djokovic,2013,ausopen,,,0,,1,1,0,0,5,,196,1,,0,186,0,0,2,,0,,2013-ausopen-1401,0,0,,0,0,4:42:40,,,,0,,0,,,1,1,188,9,224,0,,12012,10,1,237,115,0,384,0,,19,,0,0,,
,,2013-ausopen-1401,,,,,,1401,Stanislas Wawrinka,,Novak Djokovic,2013,ausopen,,,1,,0,0,0,0,2,,13,2,,0,211,0,0,2,,0,,2013-ausopen-1401,0,0,,15,0,0:28:16,,,,1,,0,,S,0,2,28,0,67,0,,23000,0,0,1,131,0,41,0,,1,,0,0,,
,,2013-ausopen-1401,,,,,,1401,Stanislas Wawrinka,,Novak Djokovic,2013,ausopen,,,1,,0,0,0,0,2,,20,2,,0,194,0,0,2,,0,,2013-ausopen-1401,0,0,,40,0,0:37:20,,,,1,,0,,,0,2,35,1,71,0,,23000,1,0,5,120,0,55,0,,3,,30,0,,
,,2013-ausopen-1401,,,,,,1401,Stanislas Wawrinka,,Novak Djokovic,2013,ausopen,,,1,,0,0,0,0,2,,25,2,,0,187,0,0,2,,0,,2013-ausopen-1401,0,0,,15,0,0:48:25,,,,1,,0,,,0,2,44,3,94,0,,23000,1,0,7,116,0,69,0,,5,,0,0,,
,,2013-ausopen-1401,,,,,,1401,Stanislas Wawrinka,,Novak Djokovic,2013,ausopen,,,1,,0,0,0,0,2,,25,2,,0,212,0,0,2,,0,,2013-ausopen-1401,0,0,,30,0,0:48:46,,,,1,,0,,,0,2,45,3,98,0,,23000,1,0,7,131,0,70,0,,5,,0,0,,
,,2013-ausopen-1401,,,,,,1401,Stanislas Wawrinka,,Novak Djokovic,2013,ausopen,,,1,,0,0,0,0,2,,49,2,,0,214,0,0,2,,0,,2013-ausopen-1401,0,0,,AD,0,1:19:05,,,,1,,0,,,0,2,61,5,97,0,,23000,5,0,37,133,0,110,0,,11,,40,0,,
,,2013-ausopen-1401,,,,,,1401,Stanislas Wawrinka,,Novak Djokovic,2013,ausopen,,,1,,0,0,0,0,3,,57,2,,0,180,0,0,2,,0,,2013-ausopen-1401,0,0,,30,0,1:30:12,,,,1,,0,,,0,2,64,0,88,0,,23000,0,0,56,111,0,121,0,,1,,15,0,,
,,2013-ausopen-1401,,,,,,1401,Stanislas Wawrinka,,Novak Djokovic,2013,ausopen,,,1,,0,0,0,0,3,,71,2,,0,211,0,0,2,,0,,2013-ausopen-1401,0,0,,30,0,1:49:30,,,,1,,0,,,0,2,79,2,110,0,,23000,2,0,74,131,0,150,0,,5,,0,0,,
,,2013-ausopen-1401,,,,,,1401,Stanislas Wawrinka,,Novak Djokovic,2013,ausopen,,,1,,0,0,0,0,4,,105,2,,0,213,0,0,2,,0,,2013-ausopen-1401,0,0,,30,0,2:34:32,,,,1,,0,,,0,2,106,2,123,0,,23000,2,0,121,132,0,211,0,,5,,15,0,,
,,2013-ausopen-1401,,,,,,1401,Stanislas Wawrinka,,Novak Djokovic,2013,ausopen,,,1,,0,0,0,0,4,,112,2,,0,187,0,0,2,,0,,2013-ausopen-1401,0,0,,30,0,2:41:49,,,,1,,0,,,0,2,110,3,129,0,,23000,3,0,135,116,0,222,0,,7,,30,0,,
,,2013-ausopen-1401,,,,,,1401,Stanislas Wawrinka,,Novak Djokovic,2013,ausopen,,,1,,0,0,0,0,4,,113,2,,0,181,0,0,2,,0,,2013-ausopen-1401,0,0,,AD,0,2:43:35,,,,1,,0,,,0,2,112,3,135,0,,23000,3,0,137,112,0,225,0,,7,,40,0,,
,,2013-ausopen-1401,,,,,,1401,Stanislas Wawrinka,,Novak Djokovic,2013,ausopen,,,1,,0,0,0,0,5,,147,2,,0,212,0,0,2,,0,,2013-ausopen-1401,0,0,,40,0,3:41:48,,,,1,,0,,,0,2,146,1,186,0,,23000,2,0,178,131,0,293,0,,4,,0,0,,
,,2013-ausopen-1401,,,,,,1401,Stanislas Wawrinka,,Novak Djokovic,2013,ausopen,,,1,,0,0,0,0,5,,175,2,,0,164,0,0,2,,0,,2013-ausopen-1401,0,0,,15,0,4:19:01,,,,1,,0,,,0,2,171,5,198,0,,23000,6,0,200,101,0,346,0,,12,,0,0,,
,,2013-ausopen-1401,,,,,,1401,Stanislas Wawrinka,,Novak Djokovic,2013,ausopen,,,1,,0,0,0,0,5,,192,2,,0,195,0,0,2,,0,,2013-ausopen-1401,0,0,,40,0,4:40:00,,,,1,,0,,,0,2,187,8,223,0,,23000,9,0,226,121,0,379,0,,18,,15,0,,
,,2013-ausopen-1401,,,,,,1401,Stanislas Wawrinka,,Novak Djokovic,2013,ausopen,,,1,,0,2,0,0,3,,66,2,,0,207,0,0,1,,0,,2013-ausopen-1401,0,0,,0,0,1:42:08,,,,1,,0,,,0,2,74,2,99,0,,23000,1,0,62,128,0,140,0,,3,,0,0,,
,,2013-ausopen-1401,,,,,,1401,Stanislas Wawrinka,,Novak Djokovic,2013,ausopen,,,1,,0,2,0,0,4,,113,2,,0,205,0,0,1,,0,,2013-ausopen-1401,0,0,,0,0,2:44:02,,,,1,,0,,,0,2,113,4,141,0,,23000,3,0,137,127,0,226,0,,7,,0,0,,
,,2013-ausopen-1401,,,,,,1401,Stanislas Wawrinka,,Novak Djokovic,2013,ausopen,,,1,,0,2,0,0,4,,124,2,,0,190,0,0,1,,0,,2013-ausopen-1401,0,0,,0,0,3:04:15,,,,1,,0,,,0,2,124,6,156,0,,23000,5,0,151,118,0,248,0,,11,,0,0,,
